material,carbon_percent,density_exponent,inclination_deg,ladder,crossing,crossing_ice_fraction,crossing_ice_mass_msun,segment_slope_dex_per_dex,column_equivalent_ice_mass_msun,total_dust_mass_at_8pct_ice_msun
draine,0,-1.5,60.0,4%:+0.037 8%:-0.630 12%:-1.256,interpolated,0.0422,9.369278972989006e-06,-2.1023,9.369278972989006e-06,0.0002334151853126
draine,0,-1.5,70.0,4%:+0.013 8%:-0.653 12%:-1.277,interpolated,0.0408,9.132608141553886e-06,-2.1018,9.132608141553886e-06,0.0002334151853126
draine,10,-1.5,60.0,4%:+0.298 8%:-0.114 12%:-0.524,interpolated,0.0689,9.144280744583792e-06,-1.3278,9.144280744583792e-06,0.0001394024899749
draine,10,-1.5,70.0,4%:+0.280 8%:-0.162 12%:-0.547,interpolated,0.0654,8.583974518571051e-06,-1.4215,8.583974518571051e-06,0.0001394024899749
draine,20,-1.75,60.0,8%:+0.167 12%:-0.125,interpolated,0.1029,2.4225591862551004e-06,-1.594,1.0121125064118092e-05,2.378644752086e-05
draine,20,-1.5,60.0,4%:+0.424 8%:+0.126 12%:-0.167,interpolated,0.0973,9.535353250847511e-06,-1.6004,9.535353250847511e-06,9.937656489698e-05
draine,20,-1.5,70.0,4%:+0.361 8%:+0.093 12%:-0.189,interpolated,0.0932,9.132401885729273e-06,-1.5366,9.132401885729273e-06,9.937656489698e-05
draine,30,-1.5,60.0,4%:+0.508 8%:+0.277 12%:+0.047,extrapolated,0.1282,1.0215622439312757e-05,-1.2686,1.0215622439312757e-05,7.720817568228e-05
draine,30,-1.5,70.0,4%:+0.491 8%:+0.256 12%:+0.027,extrapolated,0.1248,9.859986460213346e-06,-1.2612,9.859986460213346e-06,7.720817568228e-05
olivine_mg50,20,-1.75,60.0,8%:+0.344 12%:+0.060,extrapolated,0.1285,3.110668877565214e-06,-1.5459,1.2995954411155554e-05,2.330929818733e-05
olivine_mg50,20,-1.5,60.0,8%:+0.308 12%:+0.012,extrapolated,0.1216,1.2088930028574583e-05,-1.6148,1.2088930028574583e-05,9.738309943027e-05
pyroxene_mg50,20,-1.75,60.0,8%:+0.198 12%:-0.119,interpolated,0.105,2.731424065017322e-06,-1.7509,1.1411520809081714e-05,2.63087332442e-05
pyroxene_mg50,20,-1.5,60.0,8%:+0.154 12%:-0.164,interpolated,0.0994,1.0761080326460623e-05,-1.758,1.0761080326460623e-05,0.000109914333963
