rank,model_id,model_index,score,quadrature_unresolved,common_scale,parameters,role,scenario_scores,unresolved_bands
1,m0022_24af7874,22,243.26963094138202,True,0.991350107898045,"{""accretion_rate_msun_per_year"": 7.3011756855e-08, ""cavity_half_opening_deg"": 17.5, ""distance_pc"": 140.0, ""envelope_amax_um"": 0.4, ""envelope_density_exponent"": -1.5, ""envelope_dust_mass_msun"": 0.000225, ""envelope_ice_mass_fraction"": 0.04, ""envelope_silicate_file"": ""Draine_Si_sUV.dat"", ""envelope_size_exponent"": 2.75, ""inclination_deg"": 70.0, ""stellar_mass_msun"": 0.5, ""stellar_radius_rsun"": 2.5, ""stellar_temperature_k"": 4000.0}",mass_size,"{""miri_gain_0.01"": {""baseline"": 252.98568843803912, ""nir_miri_equal"": 442.9164368627003, ""nir_only"": 51.793957813839796}, ""miri_gain_0.02"": {""baseline"": 243.26963094138202, ""nir_miri_equal"": 407.34629615002683, ""nir_only"": 51.793957813839796}, ""miri_gain_0.05"": {""baseline"": 199.5449459279029, ""nir_miri_equal"": 282.2776487710325, ""nir_only"": 51.793957813839796}}","[""c01"", ""c03"", ""h01"", ""s02""]"
2,m0020_1d821a4c,20,246.79011258017638,True,0.9105742232853398,"{""accretion_rate_msun_per_year"": 7.3011756855e-08, ""cavity_half_opening_deg"": 17.5, ""distance_pc"": 140.0, ""envelope_amax_um"": 0.4, ""envelope_density_exponent"": -1.5, ""envelope_dust_mass_msun"": 0.000225, ""envelope_ice_mass_fraction"": 0.04, ""envelope_silicate_file"": ""Draine_Si_sUV.dat"", ""envelope_size_exponent"": 2.75, ""inclination_deg"": 60.0, ""stellar_mass_msun"": 0.5, ""stellar_radius_rsun"": 2.5, ""stellar_temperature_k"": 4000.0}",mass_size,"{""miri_gain_0.01"": {""baseline"": 258.5102713767109, ""nir_miri_equal"": 441.0939762433994, ""nir_only"": 66.48123866669057}, ""miri_gain_0.02"": {""baseline"": 246.79011258017638, ""nir_miri_equal"": 401.7207116445406, ""nir_only"": 66.48123866669057}, ""miri_gain_0.05"": {""baseline"": 201.0540130507361, ""nir_miri_equal"": 275.2127737530816, ""nir_only"": 66.48123866669057}}","[""c01"", ""c03"", ""h01""]"
3,m0059_696750ab,59,271.4226518856361,True,0.7992391994049347,"{""accretion_rate_msun_per_year"": 7.3011756855e-08, ""cavity_half_opening_deg"": 17.5, ""distance_pc"": 140.0, ""envelope_amax_um"": 0.4, ""envelope_density_exponent"": -1.75, ""envelope_dust_mass_msun"": 5.385525951456e-05, ""envelope_ice_mass_fraction"": 0.04, ""envelope_silicate_file"": ""Draine_Si_sUV.dat"", ""envelope_size_exponent"": 2.75, ""inclination_deg"": 70.0, ""stellar_mass_msun"": 0.5, ""stellar_radius_rsun"": 2.5, ""stellar_temperature_k"": 4000.0}",density_profile,"{""miri_gain_0.01"": {""baseline"": 283.6436143524763, ""nir_miri_equal"": 402.9507160818578, ""nir_only"": 148.77178303068695}, ""miri_gain_0.02"": {""baseline"": 271.4226518856361, ""nir_miri_equal"": 366.9951339012513, ""nir_only"": 148.77178303068695}, ""miri_gain_0.05"": {""baseline"": 229.63974181220226, ""nir_miri_equal"": 261.6475009118396, ""nir_only"": 148.77178303068695}}","[""c01"", ""c03"", ""c04"", ""h01"", ""h02"", ""h03"", ""s01""]"
4,m0018_2077eb19,18,273.88046252293555,True,0.8406452872911787,"{""accretion_rate_msun_per_year"": 7.3011756855e-08, ""cavity_half_opening_deg"": 17.5, ""distance_pc"": 140.0, ""envelope_amax_um"": 0.4, ""envelope_density_exponent"": -1.5, ""envelope_dust_mass_msun"": 0.000225, ""envelope_ice_mass_fraction"": 0.04, ""envelope_silicate_file"": ""Draine_Si_sUV.dat"", ""envelope_size_exponent"": 2.75, ""inclination_deg"": 50.0, ""stellar_mass_msun"": 0.5, ""stellar_radius_rsun"": 2.5, ""stellar_temperature_k"": 4000.0}",mass_size,"{""miri_gain_0.01"": {""baseline"": 287.82742283117733, ""nir_miri_equal"": 463.64805807749633, ""nir_only"": 96.71831009351546}, ""miri_gain_0.02"": {""baseline"": 273.88046252293555, ""nir_miri_equal"": 420.9007784355534, ""nir_only"": 96.71831009351546}, ""miri_gain_0.05"": {""baseline"": 223.30879291451964, ""nir_miri_equal"": 288.78399152803513, ""nir_only"": 96.71831009351546}}","[""c01"", ""c02"", ""c06"", ""c07"", ""h01"", ""h02"", ""h03"", ""h04""]"
5,m0058_efaf62b7,58,330.2360614327066,True,0.7077424840660489,"{""accretion_rate_msun_per_year"": 7.3011756855e-08, ""cavity_half_opening_deg"": 17.5, ""distance_pc"": 140.0, ""envelope_amax_um"": 0.4, ""envelope_density_exponent"": -1.75, ""envelope_dust_mass_msun"": 5.385525951456e-05, ""envelope_ice_mass_fraction"": 0.04, ""envelope_silicate_file"": ""Draine_Si_sUV.dat"", ""envelope_size_exponent"": 2.75, ""inclination_deg"": 60.0, ""stellar_mass_msun"": 0.5, ""stellar_radius_rsun"": 2.5, ""stellar_temperature_k"": 4000.0}",density_profile,"{""miri_gain_0.01"": {""baseline"": 345.5321540607897, ""nir_miri_equal"": 461.20425399852365, ""nir_only"": 200.17246341011187}, ""miri_gain_0.02"": {""baseline"": 330.2360614327066, ""nir_miri_equal"": 421.09530135785053, ""nir_only"": 200.17246341011187}, ""miri_gain_0.05"": {""baseline"": 279.1587163050436, ""nir_miri_equal"": 303.7113365587644, ""nir_only"": 200.17246341011187}}","[""c01"", ""c02"", ""c03"", ""c05"", ""c07"", ""h01"", ""h04""]"
6,m0048_236a3ffe,48,355.2167227662633,True,1.1198855564628412,"{""accretion_rate_msun_per_year"": 7.3011756855e-08, ""cavity_half_opening_deg"": 17.5, ""distance_pc"": 140.0, ""envelope_amax_um"": 0.4, ""envelope_density_exponent"": -1.25, ""envelope_dust_mass_msun"": 0.00081008411106375, ""envelope_ice_mass_fraction"": 0.04, ""envelope_silicate_file"": ""Draine_Si_sUV.dat"", ""envelope_size_exponent"": 2.75, ""inclination_deg"": 50.0, ""stellar_mass_msun"": 0.5, ""stellar_radius_rsun"": 2.5, ""stellar_temperature_k"": 4000.0}",density_profile,"{""miri_gain_0.01"": {""baseline"": 372.06851371584384, ""nir_miri_equal"": 617.6826527235216, ""nir_only"": 74.70540159058913}, ""miri_gain_0.02"": {""baseline"": 355.2167227662633, ""nir_miri_equal"": 570.7779468101065, ""nir_only"": 74.70540159058913}, ""miri_gain_0.05"": {""baseline"": 282.19097606297413, ""nir_miri_equal"": 389.88030399046545, ""nir_only"": 74.70540159058913}}","[""c02"", ""c03"", ""h01"", ""h03""]"
7,m0049_b80ea3cc,49,402.27038593641953,True,1.1588032978489677,"{""accretion_rate_msun_per_year"": 7.3011756855e-08, ""cavity_half_opening_deg"": 17.5, ""distance_pc"": 140.0, ""envelope_amax_um"": 0.4, ""envelope_density_exponent"": -1.25, ""envelope_dust_mass_msun"": 0.00081008411106375, ""envelope_ice_mass_fraction"": 0.04, ""envelope_silicate_file"": ""Draine_Si_sUV.dat"", ""envelope_size_exponent"": 2.75, ""inclination_deg"": 60.0, ""stellar_mass_msun"": 0.5, ""stellar_radius_rsun"": 2.5, ""stellar_temperature_k"": 4000.0}",density_profile,"{""miri_gain_0.01"": {""baseline"": 427.1898046489181, ""nir_miri_equal"": 701.0315715944854, ""nir_only"": 74.70445288567821}, ""miri_gain_0.02"": {""baseline"": 402.27038593641953, ""nir_miri_equal"": 639.8629815243597, ""nir_only"": 74.70445288567821}, ""miri_gain_0.05"": {""baseline"": 307.37636038921636, ""nir_miri_equal"": 422.9760648617478, ""nir_only"": 74.70445288567821}}","[""c03"", ""c07"", ""h01""]"
8,m0057_f2d715ee,57,402.5034081088704,True,0.6357194762546519,"{""accretion_rate_msun_per_year"": 7.3011756855e-08, ""cavity_half_opening_deg"": 17.5, ""distance_pc"": 140.0, ""envelope_amax_um"": 0.4, ""envelope_density_exponent"": -1.75, ""envelope_dust_mass_msun"": 5.385525951456e-05, ""envelope_ice_mass_fraction"": 0.04, ""envelope_silicate_file"": ""Draine_Si_sUV.dat"", ""envelope_size_exponent"": 2.75, ""inclination_deg"": 50.0, ""stellar_mass_msun"": 0.5, ""stellar_radius_rsun"": 2.5, ""stellar_temperature_k"": 4000.0}",density_profile,"{""miri_gain_0.01"": {""baseline"": 418.4455360379699, ""nir_miri_equal"": 522.6051958669636, ""nir_only"": 278.26507084737773}, ""miri_gain_0.02"": {""baseline"": 402.5034081088704, ""nir_miri_equal"": 482.17415516688357, ""nir_only"": 278.26507084737773}, ""miri_gain_0.05"": {""baseline"": 348.7186346348566, ""nir_miri_equal"": 361.8317413018282, ""nir_only"": 278.26507084737773}}","[""c03"", ""c06"", ""c09"", ""h01"", ""h02""]"
9,m0050_e8f5e0b7,50,480.7130116513929,True,1.2040382449796196,"{""accretion_rate_msun_per_year"": 7.3011756855e-08, ""cavity_half_opening_deg"": 17.5, ""distance_pc"": 140.0, ""envelope_amax_um"": 0.4, ""envelope_density_exponent"": -1.25, ""envelope_dust_mass_msun"": 0.00081008411106375, ""envelope_ice_mass_fraction"": 0.04, ""envelope_silicate_file"": ""Draine_Si_sUV.dat"", ""envelope_size_exponent"": 2.75, ""inclination_deg"": 70.0, ""stellar_mass_msun"": 0.5, ""stellar_radius_rsun"": 2.5, ""stellar_temperature_k"": 4000.0}",density_profile,"{""miri_gain_0.01"": {""baseline"": 521.1330654324347, ""nir_miri_equal"": 846.8512293172405, ""nir_only"": 79.86168614860443}, ""miri_gain_0.02"": {""baseline"": 480.7130116513929, ""nir_miri_equal"": 754.7844342374912, ""nir_only"": 79.86168614860443}, ""miri_gain_0.05"": {""baseline"": 348.23663650797926, ""nir_miri_equal"": 473.93258836163056, ""nir_only"": 79.86168614860443}}","[""c01"", ""c02"", ""c03"", ""h01"", ""h02""]"
10,m0032_8f57c4a3,32,507.2007296889375,True,0.8459957045325459,"{""accretion_rate_msun_per_year"": 7.3011756855e-08, ""cavity_half_opening_deg"": 17.5, ""distance_pc"": 140.0, ""envelope_amax_um"": 0.4, ""envelope_density_exponent"": -1.5, ""envelope_dust_mass_msun"": 0.000225, ""envelope_ice_mass_fraction"": 0.04, ""envelope_silicate_file"": ""Olivine_MgFeSiO4_Dorschner1995_mcfost.dat"", ""envelope_size_exponent"": 2.75, ""inclination_deg"": 70.0, ""stellar_mass_msun"": 0.5, ""stellar_radius_rsun"": 2.5, ""stellar_temperature_k"": 4000.0}",material,"{""miri_gain_0.01"": {""baseline"": 567.960809612415, ""nir_miri_equal"": 851.2766929953494, ""nir_only"": 230.12390078775545}, ""miri_gain_0.02"": {""baseline"": 507.2007296889375, ""nir_miri_equal"": 684.1926813142085, ""nir_only"": 230.12390078775545}, ""miri_gain_0.05"": {""baseline"": 372.0664091563616, ""nir_miri_equal"": 413.06916288933246, ""nir_only"": 230.12390078775545}}","[""c01"", ""c02"", ""c03"", ""c04"", ""h01"", ""h03"", ""s02""]"
11,m0031_cf039c56,31,557.818039683958,True,0.7605834859197769,"{""accretion_rate_msun_per_year"": 7.3011756855e-08, ""cavity_half_opening_deg"": 17.5, ""distance_pc"": 140.0, ""envelope_amax_um"": 0.4, ""envelope_density_exponent"": -1.5, ""envelope_dust_mass_msun"": 0.000225, ""envelope_ice_mass_fraction"": 0.04, ""envelope_silicate_file"": ""Olivine_MgFeSiO4_Dorschner1995_mcfost.dat"", ""envelope_size_exponent"": 2.75, ""inclination_deg"": 60.0, ""stellar_mass_msun"": 0.5, ""stellar_radius_rsun"": 2.5, ""stellar_temperature_k"": 4000.0}",material,"{""miri_gain_0.01"": {""baseline"": 619.5925827370547, ""nir_miri_equal"": 941.6836120504829, ""nir_only"": 242.41962793803899}, ""miri_gain_0.02"": {""baseline"": 557.818039683958, ""nir_miri_equal"": 763.2947040966393, ""nir_only"": 242.41962793803899}, ""miri_gain_0.05"": {""baseline"": 414.6147709704336, ""nir_miri_equal"": 469.9464478624968, ""nir_only"": 242.41962793803899}}","[""c02"", ""c05"", ""c07"", ""h01"", ""s02""]"
12,m0030_ebd8d282,30,604.7821711996208,True,0.6939676515672613,"{""accretion_rate_msun_per_year"": 7.3011756855e-08, ""cavity_half_opening_deg"": 17.5, ""distance_pc"": 140.0, ""envelope_amax_um"": 0.4, ""envelope_density_exponent"": -1.5, ""envelope_dust_mass_msun"": 0.000225, ""envelope_ice_mass_fraction"": 0.04, ""envelope_silicate_file"": ""Olivine_MgFeSiO4_Dorschner1995_mcfost.dat"", ""envelope_size_exponent"": 2.75, ""inclination_deg"": 50.0, ""stellar_mass_msun"": 0.5, ""stellar_radius_rsun"": 2.5, ""stellar_temperature_k"": 4000.0}",material,"{""miri_gain_0.01"": {""baseline"": 667.42072308283, ""nir_miri_equal"": 1013.4888003577787, ""nir_only"": 249.99080408772423}, ""miri_gain_0.02"": {""baseline"": 604.7821711996208, ""nir_miri_equal"": 828.51460124764, ""nir_only"": 249.99080408772423}, ""miri_gain_0.05"": {""baseline"": 454.52646805523386, ""nir_miri_equal"": 520.8214923127132, ""nir_only"": 249.99080408772423}}","[""c02"", ""c05"", ""c06"", ""h01"", ""s02""]"
13,m0023_5780c5f2,23,638.3136214208196,True,1.0377842300667823,"{""accretion_rate_msun_per_year"": 7.3011756855e-08, ""cavity_half_opening_deg"": 17.5, ""distance_pc"": 140.0, ""envelope_amax_um"": 1.0, ""envelope_density_exponent"": -1.5, ""envelope_dust_mass_msun"": 0.000225, ""envelope_ice_mass_fraction"": 0.04, ""envelope_silicate_file"": ""Draine_Si_sUV.dat"", ""envelope_size_exponent"": 2.75, ""inclination_deg"": 70.0, ""stellar_mass_msun"": 0.5, ""stellar_radius_rsun"": 2.5, ""stellar_temperature_k"": 4000.0}",mass_size,"{""miri_gain_0.01"": {""baseline"": 652.9265298156629, ""nir_miri_equal"": 753.4265153433294, ""nir_only"": 524.5302347422296}, ""miri_gain_0.02"": {""baseline"": 638.3136214208196, ""nir_miri_equal"": 706.5786469606591, ""nir_only"": 524.5302347422296}, ""miri_gain_0.05"": {""baseline"": 582.8860585900186, ""nir_miri_equal"": 560.5526231076053, ""nir_only"": 524.5302347422296}}","[""c02"", ""c03"", ""h01"", ""h02"", ""h03"", ""h04""]"
14,m0021_8e0e1afb,21,639.8402836991343,True,0.9462161763610886,"{""accretion_rate_msun_per_year"": 7.3011756855e-08, ""cavity_half_opening_deg"": 17.5, ""distance_pc"": 140.0, ""envelope_amax_um"": 1.0, ""envelope_density_exponent"": -1.5, ""envelope_dust_mass_msun"": 0.000225, ""envelope_ice_mass_fraction"": 0.04, ""envelope_silicate_file"": ""Draine_Si_sUV.dat"", ""envelope_size_exponent"": 2.75, ""inclination_deg"": 60.0, ""stellar_mass_msun"": 0.5, ""stellar_radius_rsun"": 2.5, ""stellar_temperature_k"": 4000.0}",mass_size,"{""miri_gain_0.01"": {""baseline"": 660.4682073909946, ""nir_miri_equal"": 760.8596896096419, ""nir_only"": 501.76130952756614}, ""miri_gain_0.02"": {""baseline"": 639.8402836991343, ""nir_miri_equal"": 705.3854239471698, ""nir_only"": 501.76130952756614}, ""miri_gain_0.05"": {""baseline"": 568.2268708210254, ""nir_miri_equal"": 542.7884450450317, ""nir_only"": 501.76130952756614}}","[""c01"", ""c02"", ""c03"", ""c04"", ""c05"", ""c06"", ""c09"", ""h01"", ""h02"", ""h03"", ""h04"", ""s02""]"
15,m0019_26164c3e,19,651.2680989360222,True,0.8760527083937188,"{""accretion_rate_msun_per_year"": 7.3011756855e-08, ""cavity_half_opening_deg"": 17.5, ""distance_pc"": 140.0, ""envelope_amax_um"": 1.0, ""envelope_density_exponent"": -1.5, ""envelope_dust_mass_msun"": 0.000225, ""envelope_ice_mass_fraction"": 0.04, ""envelope_silicate_file"": ""Draine_Si_sUV.dat"", ""envelope_size_exponent"": 2.75, ""inclination_deg"": 50.0, ""stellar_mass_msun"": 0.5, ""stellar_radius_rsun"": 2.5, ""stellar_temperature_k"": 4000.0}",mass_size,"{""miri_gain_0.01"": {""baseline"": 676.3738974822196, ""nir_miri_equal"": 776.3615451899618, ""nir_only"": 480.75019203386563}, ""miri_gain_0.02"": {""baseline"": 651.2680989360222, ""nir_miri_equal"": 715.5454039317373, ""nir_only"": 480.75019203386563}, ""miri_gain_0.05"": {""baseline"": 564.4243329914923, ""nir_miri_equal"": 537.7231142840749, ""nir_only"": 480.75019203386563}}","[""c02"", ""c03"", ""c04"", ""c09"", ""h01"", ""h02"", ""h03"", ""h04""]"
16,m0029_dc226670,29,683.3073818051148,True,0.5707425660311625,"{""accretion_rate_msun_per_year"": 7.3011756855e-08, ""cavity_half_opening_deg"": 17.5, ""distance_pc"": 140.0, ""envelope_amax_um"": 0.4, ""envelope_density_exponent"": -1.5, ""envelope_dust_mass_msun"": 0.00015, ""envelope_ice_mass_fraction"": 0.04, ""envelope_silicate_file"": ""Olivine_MgFeSiO4_Dorschner1995_mcfost.dat"", ""envelope_size_exponent"": 2.75, ""inclination_deg"": 70.0, ""stellar_mass_msun"": 0.5, ""stellar_radius_rsun"": 2.5, ""stellar_temperature_k"": 4000.0}",material,"{""miri_gain_0.01"": {""baseline"": 736.6705242047168, ""nir_miri_equal"": 775.9453866454031, ""nir_only"": 517.424610539}, ""miri_gain_0.02"": {""baseline"": 683.3073818051148, ""nir_miri_equal"": 673.6214502149664, ""nir_only"": 517.424610539}, ""miri_gain_0.05"": {""baseline"": 574.1750636434098, ""nir_miri_equal"": 521.6758050443578, ""nir_only"": 517.424610539}}","[""c01"", ""c02"", ""c03"", ""c05"", ""c07"", ""h01""]"
17,m0028_aaaebdbf,28,693.542817376109,True,0.5162993998334862,"{""accretion_rate_msun_per_year"": 7.3011756855e-08, ""cavity_half_opening_deg"": 17.5, ""distance_pc"": 140.0, ""envelope_amax_um"": 0.4, ""envelope_density_exponent"": -1.5, ""envelope_dust_mass_msun"": 0.00015, ""envelope_ice_mass_fraction"": 0.04, ""envelope_silicate_file"": ""Olivine_MgFeSiO4_Dorschner1995_mcfost.dat"", ""envelope_size_exponent"": 2.75, ""inclination_deg"": 60.0, ""stellar_mass_msun"": 0.5, ""stellar_radius_rsun"": 2.5, ""stellar_temperature_k"": 4000.0}",material,"{""miri_gain_0.01"": {""baseline"": 742.1595017460179, ""nir_miri_equal"": 806.694006009827, ""nir_only"": 549.1041010397022}, ""miri_gain_0.02"": {""baseline"": 693.542817376109, ""nir_miri_equal"": 702.5294396059801, ""nir_only"": 549.1041010397022}, ""miri_gain_0.05"": {""baseline"": 594.3436903503605, ""nir_miri_equal"": 549.538334962104, ""nir_only"": 549.1041010397022}}","[""c01"", ""c03"", ""c06"", ""c08"", ""h01""]"
18,m0027_775ec05e,27,701.3913617252865,True,0.4783195092590844,"{""accretion_rate_msun_per_year"": 7.3011756855e-08, ""cavity_half_opening_deg"": 17.5, ""distance_pc"": 140.0, ""envelope_amax_um"": 0.4, ""envelope_density_exponent"": -1.5, ""envelope_dust_mass_msun"": 0.00015, ""envelope_ice_mass_fraction"": 0.04, ""envelope_silicate_file"": ""Olivine_MgFeSiO4_Dorschner1995_mcfost.dat"", ""envelope_size_exponent"": 2.75, ""inclination_deg"": 50.0, ""stellar_mass_msun"": 0.5, ""stellar_radius_rsun"": 2.5, ""stellar_temperature_k"": 4000.0}",material,"{""miri_gain_0.01"": {""baseline"": 747.0345942357548, ""nir_miri_equal"": 833.911928020372, ""nir_only"": 567.9827243071081}, ""miri_gain_0.02"": {""baseline"": 701.3913617252865, ""nir_miri_equal"": 727.3748195918411, ""nir_only"": 567.9827243071081}, ""miri_gain_0.05"": {""baseline"": 607.5340332657538, ""nir_miri_equal"": 570.281926558149, ""nir_only"": 567.9827243071081}}","[""c02"", ""c05"", ""c06"", ""c07"", ""c09"", ""h01""]"
19,m0017_0f6eca82,17,917.6535147208419,True,0.6639728635954909,"{""accretion_rate_msun_per_year"": 7.3011756855e-08, ""cavity_half_opening_deg"": 17.5, ""distance_pc"": 140.0, ""envelope_amax_um"": 1.0, ""envelope_density_exponent"": -1.5, ""envelope_dust_mass_msun"": 0.00015, ""envelope_ice_mass_fraction"": 0.04, ""envelope_silicate_file"": ""Draine_Si_sUV.dat"", ""envelope_size_exponent"": 2.75, ""inclination_deg"": 70.0, ""stellar_mass_msun"": 0.5, ""stellar_radius_rsun"": 2.5, ""stellar_temperature_k"": 4000.0}",mass_size,"{""miri_gain_0.01"": {""baseline"": 924.4429603954939, ""nir_miri_equal"": 823.9342575396024, ""nir_only"": 911.2399654741325}, ""miri_gain_0.02"": {""baseline"": 917.6535147208419, ""nir_miri_equal"": 806.4301733408319, ""nir_only"": 911.2399654741325}, ""miri_gain_0.05"": {""baseline"": 884.2249012818197, ""nir_miri_equal"": 737.8877338556329, ""nir_only"": 911.2399654741325}}","[""c02"", ""c03"", ""c05"", ""c06"", ""h01"", ""h02"", ""h03"", ""h04""]"
20,m0015_518faf82,15,1005.8819994495188,True,0.5736342291801242,"{""accretion_rate_msun_per_year"": 7.3011756855e-08, ""cavity_half_opening_deg"": 17.5, ""distance_pc"": 140.0, ""envelope_amax_um"": 1.0, ""envelope_density_exponent"": -1.5, ""envelope_dust_mass_msun"": 0.00015, ""envelope_ice_mass_fraction"": 0.04, ""envelope_silicate_file"": ""Draine_Si_sUV.dat"", ""envelope_size_exponent"": 2.75, ""inclination_deg"": 60.0, ""stellar_mass_msun"": 0.5, ""stellar_radius_rsun"": 2.5, ""stellar_temperature_k"": 4000.0}",mass_size,"{""miri_gain_0.01"": {""baseline"": 1012.1483112680894, ""nir_miri_equal"": 901.7856018576216, ""nir_only"": 1005.4496478187984}, ""miri_gain_0.02"": {""baseline"": 1005.8819994495188, ""nir_miri_equal"": 884.8054204753191, ""nir_only"": 1005.4496478187984}, ""miri_gain_0.05"": {""baseline"": 974.3619260243454, ""nir_miri_equal"": 819.2504423970001, ""nir_only"": 1005.4496478187984}}","[""c05"", ""c07"", ""c08"", ""c09"", ""h02"", ""h03"", ""h04""]"
21,m0013_98397414,13,1128.3565214998239,True,0.4957746544601579,"{""accretion_rate_msun_per_year"": 7.3011756855e-08, ""cavity_half_opening_deg"": 17.5, ""distance_pc"": 140.0, ""envelope_amax_um"": 1.0, ""envelope_density_exponent"": -1.5, ""envelope_dust_mass_msun"": 0.00015, ""envelope_ice_mass_fraction"": 0.04, ""envelope_silicate_file"": ""Draine_Si_sUV.dat"", ""envelope_size_exponent"": 2.75, ""inclination_deg"": 50.0, ""stellar_mass_msun"": 0.5, ""stellar_radius_rsun"": 2.5, ""stellar_temperature_k"": 4000.0}",mass_size,"{""miri_gain_0.01"": {""baseline"": 1136.1324372926763, ""nir_miri_equal"": 1010.9978796027074, ""nir_only"": 1108.9890271889863}, ""miri_gain_0.02"": {""baseline"": 1128.3565214998239, ""nir_miri_equal"": 994.8264704854021, ""nir_only"": 1108.9890271889863}, ""miri_gain_0.05"": {""baseline"": 1091.0875786735878, ""nir_miri_equal"": 929.0424097462713, ""nir_only"": 1108.9890271889863}}","[""c01"", ""c02"", ""c03"", ""c04"", ""c05"", ""c06"", ""h01"", ""h02"", ""h03"", ""h04""]"
22,m0046_b66d65cb,46,1282.7110968822722,True,0.48227846001575425,"{""accretion_rate_msun_per_year"": 7.3011756855e-08, ""cavity_half_opening_deg"": 17.5, ""distance_pc"": 140.0, ""envelope_amax_um"": 0.4, ""envelope_density_exponent"": -1.25, ""envelope_dust_mass_msun"": 0.0005400560740424999, ""envelope_ice_mass_fraction"": 0.04, ""envelope_silicate_file"": ""Draine_Si_sUV.dat"", ""envelope_size_exponent"": 2.75, ""inclination_deg"": 60.0, ""stellar_mass_msun"": 0.5, ""stellar_radius_rsun"": 2.5, ""stellar_temperature_k"": 4000.0}",density_profile,"{""miri_gain_0.01"": {""baseline"": 1387.1014682373702, ""nir_miri_equal"": 1587.542543594259, ""nir_only"": 720.7184244043365}, ""miri_gain_0.02"": {""baseline"": 1282.7110968822722, ""nir_miri_equal"": 1426.7412587901251, ""nir_only"": 720.7184244043365}, ""miri_gain_0.05"": {""baseline"": 1022.6195505466907, ""nir_miri_equal"": 1045.9097599290653, ""nir_only"": 720.7184244043365}}","[""c03"", ""h01""]"
23,m0047_b75b52cd,47,1284.778822281382,True,0.5208465479267498,"{""accretion_rate_msun_per_year"": 7.3011756855e-08, ""cavity_half_opening_deg"": 17.5, ""distance_pc"": 140.0, ""envelope_amax_um"": 0.4, ""envelope_density_exponent"": -1.25, ""envelope_dust_mass_msun"": 0.0005400560740424999, ""envelope_ice_mass_fraction"": 0.04, ""envelope_silicate_file"": ""Draine_Si_sUV.dat"", ""envelope_size_exponent"": 2.75, ""inclination_deg"": 70.0, ""stellar_mass_msun"": 0.5, ""stellar_radius_rsun"": 2.5, ""stellar_temperature_k"": 4000.0}",density_profile,"{""miri_gain_0.01"": {""baseline"": 1405.5301726839639, ""nir_miri_equal"": 1664.9197763043685, ""nir_only"": 668.7474046334974}, ""miri_gain_0.02"": {""baseline"": 1284.778822281382, ""nir_miri_equal"": 1465.5702670029086, ""nir_only"": 668.7474046334974}, ""miri_gain_0.05"": {""baseline"": 993.6604704872375, ""nir_miri_equal"": 1026.9812992956759, ""nir_only"": 668.7474046334974}}","[""c03"", ""h01""]"
24,m0045_9877d8ba,45,1297.5677809418128,True,0.45096608113428327,"{""accretion_rate_msun_per_year"": 7.3011756855e-08, ""cavity_half_opening_deg"": 17.5, ""distance_pc"": 140.0, ""envelope_amax_um"": 0.4, ""envelope_density_exponent"": -1.25, ""envelope_dust_mass_msun"": 0.0005400560740424999, ""envelope_ice_mass_fraction"": 0.04, ""envelope_silicate_file"": ""Draine_Si_sUV.dat"", ""envelope_size_exponent"": 2.75, ""inclination_deg"": 50.0, ""stellar_mass_msun"": 0.5, ""stellar_radius_rsun"": 2.5, ""stellar_temperature_k"": 4000.0}",density_profile,"{""miri_gain_0.01"": {""baseline"": 1391.7422919939218, ""nir_miri_equal"": 1554.2479399765637, ""nir_only"": 771.2113967995523}, ""miri_gain_0.02"": {""baseline"": 1297.5677809418128, ""nir_miri_equal"": 1416.4991487440413, ""nir_only"": 771.2113967995523}, ""miri_gain_0.05"": {""baseline"": 1057.0763321863592, ""nir_miri_equal"": 1071.987842918103, ""nir_only"": 771.2113967995523}}","[""c03"", ""h01""]"
25,m0025_6c0a0d1b,25,1539.841374910879,True,0.23603950577509025,"{""accretion_rate_msun_per_year"": 7.3011756855e-08, ""cavity_half_opening_deg"": 17.5, ""distance_pc"": 140.0, ""envelope_amax_um"": 0.4, ""envelope_density_exponent"": -1.5, ""envelope_dust_mass_msun"": 0.0001, ""envelope_ice_mass_fraction"": 0.04, ""envelope_silicate_file"": ""Olivine_MgFeSiO4_Dorschner1995_mcfost.dat"", ""envelope_size_exponent"": 2.75, ""inclination_deg"": 60.0, ""stellar_mass_msun"": 0.5, ""stellar_radius_rsun"": 2.5, ""stellar_temperature_k"": 4000.0}",material,"{""miri_gain_0.01"": {""baseline"": 1695.5812596308879, ""nir_miri_equal"": 1848.5483783568166, ""nir_only"": 977.62057265613}, ""miri_gain_0.02"": {""baseline"": 1539.841374910879, ""nir_miri_equal"": 1587.0978971652066, ""nir_only"": 977.62057265613}, ""miri_gain_0.05"": {""baseline"": 1222.4323408638077, ""nir_miri_equal"": 1186.1801275236344, ""nir_only"": 977.62057265613}}","[""c01"", ""c03"", ""c07"", ""h01""]"
26,m0026_5a6609fd,26,1544.0481015156151,True,0.2602338963855103,"{""accretion_rate_msun_per_year"": 7.3011756855e-08, ""cavity_half_opening_deg"": 17.5, ""distance_pc"": 140.0, ""envelope_amax_um"": 0.4, ""envelope_density_exponent"": -1.5, ""envelope_dust_mass_msun"": 0.0001, ""envelope_ice_mass_fraction"": 0.04, ""envelope_silicate_file"": ""Olivine_MgFeSiO4_Dorschner1995_mcfost.dat"", ""envelope_size_exponent"": 2.75, ""inclination_deg"": 70.0, ""stellar_mass_msun"": 0.5, ""stellar_radius_rsun"": 2.5, ""stellar_temperature_k"": 4000.0}",material,"{""miri_gain_0.01"": {""baseline"": 1710.7973540215744, ""nir_miri_equal"": 1902.0970503601252, ""nir_only"": 939.5605712328929}, ""miri_gain_0.02"": {""baseline"": 1544.0481015156151, ""nir_miri_equal"": 1615.7857528319582, ""nir_only"": 939.5605712328929}, ""miri_gain_0.05"": {""baseline"": 1204.332423239461, ""nir_miri_equal"": 1174.826316511693, ""nir_only"": 939.5605712328929}}","[""c03"", ""c06"", ""h01""]"
27,m0024_dddb52d3,24,1546.801543699657,True,0.21857059393472444,"{""accretion_rate_msun_per_year"": 7.3011756855e-08, ""cavity_half_opening_deg"": 17.5, ""distance_pc"": 140.0, ""envelope_amax_um"": 0.4, ""envelope_density_exponent"": -1.5, ""envelope_dust_mass_msun"": 0.0001, ""envelope_ice_mass_fraction"": 0.04, ""envelope_silicate_file"": ""Olivine_MgFeSiO4_Dorschner1995_mcfost.dat"", ""envelope_size_exponent"": 2.75, ""inclination_deg"": 50.0, ""stellar_mass_msun"": 0.5, ""stellar_radius_rsun"": 2.5, ""stellar_temperature_k"": 4000.0}",material,"{""miri_gain_0.01"": {""baseline"": 1695.77247064954, ""nir_miri_equal"": 1825.8725948205742, ""nir_only"": 1011.4302094647933}, ""miri_gain_0.02"": {""baseline"": 1546.801543699657, ""nir_miri_equal"": 1578.7773475550084, ""nir_only"": 1011.4302094647933}, ""miri_gain_0.05"": {""baseline"": 1243.1222159060387, ""nir_miri_equal"": 1201.6616306488347, ""nir_only"": 1011.4302094647933}}","[""c01"", ""c07"", ""h01""]"
28,m0016_b4e2d2d1,16,1637.471476360091,True,0.33032797457104035,"{""accretion_rate_msun_per_year"": 7.3011756855e-08, ""cavity_half_opening_deg"": 17.5, ""distance_pc"": 140.0, ""envelope_amax_um"": 0.4, ""envelope_density_exponent"": -1.5, ""envelope_dust_mass_msun"": 0.00015, ""envelope_ice_mass_fraction"": 0.04, ""envelope_silicate_file"": ""Draine_Si_sUV.dat"", ""envelope_size_exponent"": 2.75, ""inclination_deg"": 70.0, ""stellar_mass_msun"": 0.5, ""stellar_radius_rsun"": 2.5, ""stellar_temperature_k"": 4000.0}",mass_size,"{""miri_gain_0.01"": {""baseline"": 1774.309659093859, ""nir_miri_equal"": 1993.6176865614198, ""nir_only"": 986.772492575738}, ""miri_gain_0.02"": {""baseline"": 1637.471476360091, ""nir_miri_equal"": 1780.5129687936837, ""nir_only"": 986.772492575738}, ""miri_gain_0.05"": {""baseline"": 1314.7433942369016, ""nir_miri_equal"": 1322.848595390284, ""nir_only"": 986.772492575738}}","[""c01"", ""c03"", ""c04"", ""c07"", ""h01""]"
29,m0014_d7d002b4,14,1656.5352012668786,True,0.29629812906229636,"{""accretion_rate_msun_per_year"": 7.3011756855e-08, ""cavity_half_opening_deg"": 17.5, ""distance_pc"": 140.0, ""envelope_amax_um"": 0.4, ""envelope_density_exponent"": -1.5, ""envelope_dust_mass_msun"": 0.00015, ""envelope_ice_mass_fraction"": 0.04, ""envelope_silicate_file"": ""Draine_Si_sUV.dat"", ""envelope_size_exponent"": 2.75, ""inclination_deg"": 60.0, ""stellar_mass_msun"": 0.5, ""stellar_radius_rsun"": 2.5, ""stellar_temperature_k"": 4000.0}",mass_size,"{""miri_gain_0.01"": {""baseline"": 1782.6938247590365, ""nir_miri_equal"": 1962.0646060559448, ""nir_only"": 1038.0739626443356}, ""miri_gain_0.02"": {""baseline"": 1656.5352012668786, ""nir_miri_equal"": 1775.5143995845801, ""nir_only"": 1038.0739626443356}, ""miri_gain_0.05"": {""baseline"": 1353.136417172197, ""nir_miri_equal"": 1356.1374560518152, ""nir_only"": 1038.0739626443356}}","[""c01"", ""h01""]"
30,m0012_360d3d25,12,1713.5291275302993,True,0.2650496991962129,"{""accretion_rate_msun_per_year"": 7.3011756855e-08, ""cavity_half_opening_deg"": 17.5, ""distance_pc"": 140.0, ""envelope_amax_um"": 0.4, ""envelope_density_exponent"": -1.5, ""envelope_dust_mass_msun"": 0.00015, ""envelope_ice_mass_fraction"": 0.04, ""envelope_silicate_file"": ""Draine_Si_sUV.dat"", ""envelope_size_exponent"": 2.75, ""inclination_deg"": 50.0, ""stellar_mass_msun"": 0.5, ""stellar_radius_rsun"": 2.5, ""stellar_temperature_k"": 4000.0}",mass_size,"{""miri_gain_0.01"": {""baseline"": 1838.6119050364732, ""nir_miri_equal"": 2005.0603346412327, ""nir_only"": 1097.1720701705658}, ""miri_gain_0.02"": {""baseline"": 1713.5291275302993, ""nir_miri_equal"": 1823.9996907493805, ""nir_only"": 1097.1720701705658}, ""miri_gain_0.05"": {""baseline"": 1410.8076943746319, ""nir_miri_equal"": 1410.528721463685, ""nir_only"": 1097.1720701705658}}","[""h01""]"
31,m0056_e69570c9,56,1774.2086325393968,True,0.2569228901747149,"{""accretion_rate_msun_per_year"": 7.3011756855e-08, ""cavity_half_opening_deg"": 17.5, ""distance_pc"": 140.0, ""envelope_amax_um"": 0.4, ""envelope_density_exponent"": -1.75, ""envelope_dust_mass_msun"": 3.590350634304e-05, ""envelope_ice_mass_fraction"": 0.04, ""envelope_silicate_file"": ""Draine_Si_sUV.dat"", ""envelope_size_exponent"": 2.75, ""inclination_deg"": 70.0, ""stellar_mass_msun"": 0.5, ""stellar_radius_rsun"": 2.5, ""stellar_temperature_k"": 4000.0}",density_profile,"{""miri_gain_0.01"": {""baseline"": 1918.309097771978, ""nir_miri_equal"": 2096.5393565169684, ""nir_only"": 1124.1941346169963}, ""miri_gain_0.02"": {""baseline"": 1774.2086325393968, ""nir_miri_equal"": 1879.6200521512183, ""nir_only"": 1124.1941346169963}, ""miri_gain_0.05"": {""baseline"": 1440.8532294132428, ""nir_miri_equal"": 1428.982670289799, ""nir_only"": 1124.1941346169963}}","[""c05"", ""c07"", ""h01""]"
32,m0055_88e39109,55,1824.8966858289546,True,0.2241994578925709,"{""accretion_rate_msun_per_year"": 7.3011756855e-08, ""cavity_half_opening_deg"": 17.5, ""distance_pc"": 140.0, ""envelope_amax_um"": 0.4, ""envelope_density_exponent"": -1.75, ""envelope_dust_mass_msun"": 3.590350634304e-05, ""envelope_ice_mass_fraction"": 0.04, ""envelope_silicate_file"": ""Draine_Si_sUV.dat"", ""envelope_size_exponent"": 2.75, ""inclination_deg"": 60.0, ""stellar_mass_msun"": 0.5, ""stellar_radius_rsun"": 2.5, ""stellar_temperature_k"": 4000.0}",density_profile,"{""miri_gain_0.01"": {""baseline"": 1964.0023938714862, ""nir_miri_equal"": 2116.062134823027, ""nir_only"": 1188.3081370859986}, ""miri_gain_0.02"": {""baseline"": 1824.8966858289546, ""nir_miri_equal"": 1914.0468411831357, ""nir_only"": 1188.3081370859986}, ""miri_gain_0.05"": {""baseline"": 1499.3067834066346, ""nir_miri_equal"": 1482.7142476417762, ""nir_only"": 1188.3081370859986}}","[""c03"", ""c07"", ""h01"", ""h04""]"
33,m0054_af50020e,54,1890.7690061069538,True,0.1967262556149283,"{""accretion_rate_msun_per_year"": 7.3011756855e-08, ""cavity_half_opening_deg"": 17.5, ""distance_pc"": 140.0, ""envelope_amax_um"": 0.4, ""envelope_density_exponent"": -1.75, ""envelope_dust_mass_msun"": 3.590350634304e-05, ""envelope_ice_mass_fraction"": 0.04, ""envelope_silicate_file"": ""Draine_Si_sUV.dat"", ""envelope_size_exponent"": 2.75, ""inclination_deg"": 50.0, ""stellar_mass_msun"": 0.5, ""stellar_radius_rsun"": 2.5, ""stellar_temperature_k"": 4000.0}",density_profile,"{""miri_gain_0.01"": {""baseline"": 2032.396182045397, ""nir_miri_equal"": 2183.4504171434683, ""nir_only"": 1243.4827704628742}, ""miri_gain_0.02"": {""baseline"": 1890.7690061069538, ""nir_miri_equal"": 1979.2254029521762, ""nir_only"": 1243.4827704628742}, ""miri_gain_0.05"": {""baseline"": 1558.7259015592135, ""nir_miri_equal"": 1541.2374482901087, ""nir_only"": 1243.4827704628742}}","[""c03"", ""h01"", ""h03"", ""h04""]"
34,m0041_f3dcf372,41,2334.1696272898735,True,0.1766706207842086,"{""accretion_rate_msun_per_year"": 7.3011756855e-08, ""cavity_half_opening_deg"": 17.5, ""distance_pc"": 140.0, ""envelope_amax_um"": 0.4, ""envelope_density_exponent"": -1.5, ""envelope_dust_mass_msun"": 0.000225, ""envelope_ice_mass_fraction"": 0.04, ""envelope_silicate_file"": ""Pyroxene_Mg05Fe05SiO3_Dorschner1995_mcfost.dat"", ""envelope_size_exponent"": 2.75, ""inclination_deg"": 70.0, ""stellar_mass_msun"": 0.5, ""stellar_radius_rsun"": 2.5, ""stellar_temperature_k"": 4000.0}",material,"{""miri_gain_0.01"": {""baseline"": 2668.1946980077764, ""nir_miri_equal"": 3670.259733884065, ""nir_only"": 1149.6237092129477}, ""miri_gain_0.02"": {""baseline"": 2334.1696272898735, ""nir_miri_equal"": 2883.3688872179887, ""nir_only"": 1149.6237092129477}, ""miri_gain_0.05"": {""baseline"": 1683.4308686290892, ""nir_miri_equal"": 1783.4681981336298, ""nir_only"": 1149.6237092129477}}","[""c03"", ""c07"", ""h01"", ""h03"", ""s01""]"
35,m0040_842ee062,40,2336.421322301122,True,0.16170989541717107,"{""accretion_rate_msun_per_year"": 7.3011756855e-08, ""cavity_half_opening_deg"": 17.5, ""distance_pc"": 140.0, ""envelope_amax_um"": 0.4, ""envelope_density_exponent"": -1.5, ""envelope_dust_mass_msun"": 0.000225, ""envelope_ice_mass_fraction"": 0.04, ""envelope_silicate_file"": ""Pyroxene_Mg05Fe05SiO3_Dorschner1995_mcfost.dat"", ""envelope_size_exponent"": 2.75, ""inclination_deg"": 60.0, ""stellar_mass_msun"": 0.5, ""stellar_radius_rsun"": 2.5, ""stellar_temperature_k"": 4000.0}",material,"{""miri_gain_0.01"": {""baseline"": 2663.323947400666, ""nir_miri_equal"": 3620.224312933539, ""nir_only"": 1177.4964434153467}, ""miri_gain_0.02"": {""baseline"": 2336.421322301122, ""nir_miri_equal"": 2860.4986337915834, ""nir_only"": 1177.4964434153467}, ""miri_gain_0.05"": {""baseline"": 1699.877662776832, ""nir_miri_equal"": 1795.5007531108574, ""nir_only"": 1177.4964434153467}}","[""c04"", ""c05"", ""h01"", ""h03"", ""s01"", ""s02""]"
36,m0039_5987c894,39,2353.9040751861944,True,0.1480744866894489,"{""accretion_rate_msun_per_year"": 7.3011756855e-08, ""cavity_half_opening_deg"": 17.5, ""distance_pc"": 140.0, ""envelope_amax_um"": 0.4, ""envelope_density_exponent"": -1.5, ""envelope_dust_mass_msun"": 0.000225, ""envelope_ice_mass_fraction"": 0.04, ""envelope_silicate_file"": ""Pyroxene_Mg05Fe05SiO3_Dorschner1995_mcfost.dat"", ""envelope_size_exponent"": 2.75, ""inclination_deg"": 50.0, ""stellar_mass_msun"": 0.5, ""stellar_radius_rsun"": 2.5, ""stellar_temperature_k"": 4000.0}",material,"{""miri_gain_0.01"": {""baseline"": 2677.400794113587, ""nir_miri_equal"": 3608.8115004375604, ""nir_only"": 1208.703945406178}, ""miri_gain_0.02"": {""baseline"": 2353.9040751861944, ""nir_miri_equal"": 2863.1054832101136, ""nir_only"": 1208.703945406178}, ""miri_gain_0.05"": {""baseline"": 1724.1678135143734, ""nir_miri_equal"": 1816.1026607541417, ""nir_only"": 1208.703945406178}}","[""c05"", ""c09"", ""h01"", ""h04"", ""s01""]"
37,m0044_ce965c35,44,2699.7645887731132,True,0.08242849037853173,"{""accretion_rate_msun_per_year"": 7.3011756855e-08, ""cavity_half_opening_deg"": 17.5, ""distance_pc"": 140.0, ""envelope_amax_um"": 0.4, ""envelope_density_exponent"": -1.25, ""envelope_dust_mass_msun"": 0.000360037382695, ""envelope_ice_mass_fraction"": 0.04, ""envelope_silicate_file"": ""Draine_Si_sUV.dat"", ""envelope_size_exponent"": 2.75, ""inclination_deg"": 70.0, ""stellar_mass_msun"": 0.5, ""stellar_radius_rsun"": 2.5, ""stellar_temperature_k"": 4000.0}",density_profile,"{""miri_gain_0.01"": {""baseline"": 3067.119591879161, ""nir_miri_equal"": 4265.758019472916, ""nir_only"": 1391.8977257807217}, ""miri_gain_0.02"": {""baseline"": 2699.7645887731132, ""nir_miri_equal"": 3362.3340189632463, ""nir_only"": 1391.8977257807217}, ""miri_gain_0.05"": {""baseline"": 1972.8661285125638, ""nir_miri_equal"": 2082.525489033949, ""nir_only"": 1391.8977257807217}}","[""c01"", ""c03"", ""c07"", ""h01""]"
38,m0043_68b48624,43,2702.0948112499204,True,0.07543391439205716,"{""accretion_rate_msun_per_year"": 7.3011756855e-08, ""cavity_half_opening_deg"": 17.5, ""distance_pc"": 140.0, ""envelope_amax_um"": 0.4, ""envelope_density_exponent"": -1.25, ""envelope_dust_mass_msun"": 0.000360037382695, ""envelope_ice_mass_fraction"": 0.04, ""envelope_silicate_file"": ""Draine_Si_sUV.dat"", ""envelope_size_exponent"": 2.75, ""inclination_deg"": 60.0, ""stellar_mass_msun"": 0.5, ""stellar_radius_rsun"": 2.5, ""stellar_temperature_k"": 4000.0}",density_profile,"{""miri_gain_0.01"": {""baseline"": 3063.034444005437, ""nir_miri_equal"": 4224.975789634651, ""nir_only"": 1411.3390781249482}, ""miri_gain_0.02"": {""baseline"": 2702.0948112499204, ""nir_miri_equal"": 3347.278856333376, ""nir_only"": 1411.3390781249482}, ""miri_gain_0.05"": {""baseline"": 1985.41710210455, ""nir_miri_equal"": 2091.838959675964, ""nir_only"": 1411.3390781249482}}","[""c01"", ""c03"", ""c07"", ""h01""]"
39,m0042_74e50156,42,2722.631846378128,True,0.06865905677369721,"{""accretion_rate_msun_per_year"": 7.3011756855e-08, ""cavity_half_opening_deg"": 17.5, ""distance_pc"": 140.0, ""envelope_amax_um"": 0.4, ""envelope_density_exponent"": -1.25, ""envelope_dust_mass_msun"": 0.000360037382695, ""envelope_ice_mass_fraction"": 0.04, ""envelope_silicate_file"": ""Draine_Si_sUV.dat"", ""envelope_size_exponent"": 2.75, ""inclination_deg"": 50.0, ""stellar_mass_msun"": 0.5, ""stellar_radius_rsun"": 2.5, ""stellar_temperature_k"": 4000.0}",density_profile,"{""miri_gain_0.01"": {""baseline"": 3082.1096989331927, ""nir_miri_equal"": 4230.186278211025, ""nir_only"": 1437.0628688614486}, ""miri_gain_0.02"": {""baseline"": 2722.631846378128, ""nir_miri_equal"": 3360.41861222404, ""nir_only"": 1437.0628688614486}, ""miri_gain_0.05"": {""baseline"": 2007.8728352824628, ""nir_miri_equal"": 2111.1774458612003, ""nir_only"": 1437.0628688614486}}","[""c01"", ""c03"", ""c09"", ""h01""]"
40,m0011_fff77572,11,2845.639683255773,True,0.0760895777989058,"{""accretion_rate_msun_per_year"": 7.3011756855e-08, ""cavity_half_opening_deg"": 17.5, ""distance_pc"": 140.0, ""envelope_amax_um"": 1.0, ""envelope_density_exponent"": -1.5, ""envelope_dust_mass_msun"": 0.0001, ""envelope_ice_mass_fraction"": 0.04, ""envelope_silicate_file"": ""Draine_Si_sUV.dat"", ""envelope_size_exponent"": 2.75, ""inclination_deg"": 70.0, ""stellar_mass_msun"": 0.5, ""stellar_radius_rsun"": 2.5, ""stellar_temperature_k"": 4000.0}",mass_size,"{""miri_gain_0.01"": {""baseline"": 3186.416559565082, ""nir_miri_equal"": 4090.437035997981, ""nir_only"": 1639.0382994236759}, ""miri_gain_0.02"": {""baseline"": 2845.639683255773, ""nir_miri_equal"": 3334.1157595714885, ""nir_only"": 1639.0382994236759}, ""miri_gain_0.05"": {""baseline"": 2156.3686600936944, ""nir_miri_equal"": 2190.2859076593804, ""nir_only"": 1639.0382994236759}}","[""c01"", ""c03"", ""c06"", ""c08"", ""h01"", ""h02"", ""h04""]"
41,m0009_dc97c067,9,2875.3559727864977,True,0.062435648504259755,"{""accretion_rate_msun_per_year"": 7.3011756855e-08, ""cavity_half_opening_deg"": 17.5, ""distance_pc"": 140.0, ""envelope_amax_um"": 1.0, ""envelope_density_exponent"": -1.5, ""envelope_dust_mass_msun"": 0.0001, ""envelope_ice_mass_fraction"": 0.04, ""envelope_silicate_file"": ""Draine_Si_sUV.dat"", ""envelope_size_exponent"": 2.75, ""inclination_deg"": 60.0, ""stellar_mass_msun"": 0.5, ""stellar_radius_rsun"": 2.5, ""stellar_temperature_k"": 4000.0}",mass_size,"{""miri_gain_0.01"": {""baseline"": 3219.582519117841, ""nir_miri_equal"": 4144.644734595594, ""nir_only"": 1656.0613958218216}, ""miri_gain_0.02"": {""baseline"": 2875.3559727864977, ""nir_miri_equal"": 3377.5335965894674, ""nir_only"": 1656.0613958218216}, ""miri_gain_0.05"": {""baseline"": 2179.6041384192313, ""nir_miri_equal"": 2219.0774299623304, ""nir_only"": 1656.0613958218216}}","[""c01"", ""c03"", ""c04"", ""c07"", ""h01"", ""h02"", ""h03"", ""h04""]"
42,m0010_a1c2f541,10,2895.4131909717216,True,0.04331909851566318,"{""accretion_rate_msun_per_year"": 7.3011756855e-08, ""cavity_half_opening_deg"": 17.5, ""distance_pc"": 140.0, ""envelope_amax_um"": 0.4, ""envelope_density_exponent"": -1.5, ""envelope_dust_mass_msun"": 0.0001, ""envelope_ice_mass_fraction"": 0.04, ""envelope_silicate_file"": ""Draine_Si_sUV.dat"", ""envelope_size_exponent"": 2.75, ""inclination_deg"": 70.0, ""stellar_mass_msun"": 0.5, ""stellar_radius_rsun"": 2.5, ""stellar_temperature_k"": 4000.0}",mass_size,"{""miri_gain_0.01"": {""baseline"": 3286.679425279951, ""nir_miri_equal"": 4575.12967999732, ""nir_only"": 1538.0182790127}, ""miri_gain_0.02"": {""baseline"": 2895.4131909717216, ""nir_miri_equal"": 3592.707029002535, ""nir_only"": 1538.0182790127}, ""miri_gain_0.05"": {""baseline"": 2127.7935751553914, ""nir_miri_equal"": 2229.5327548314267, ""nir_only"": 1538.0182790127}}","[""c03"", ""c07"", ""h01"", ""h03""]"
43,m0008_dbb914b7,8,2902.2576404869155,True,0.038462454045367966,"{""accretion_rate_msun_per_year"": 7.3011756855e-08, ""cavity_half_opening_deg"": 17.5, ""distance_pc"": 140.0, ""envelope_amax_um"": 0.4, ""envelope_density_exponent"": -1.5, ""envelope_dust_mass_msun"": 0.0001, ""envelope_ice_mass_fraction"": 0.04, ""envelope_silicate_file"": ""Draine_Si_sUV.dat"", ""envelope_size_exponent"": 2.75, ""inclination_deg"": 60.0, ""stellar_mass_msun"": 0.5, ""stellar_radius_rsun"": 2.5, ""stellar_temperature_k"": 4000.0}",mass_size,"{""miri_gain_0.01"": {""baseline"": 3290.8744561128847, ""nir_miri_equal"": 4562.424744596825, ""nir_only"": 1551.9667413660259}, ""miri_gain_0.02"": {""baseline"": 2902.2576404869155, ""nir_miri_equal"": 3591.6297504836557, ""nir_only"": 1551.9667413660259}, ""miri_gain_0.05"": {""baseline"": 2138.7111539394314, ""nir_miri_equal"": 2238.799018814151, ""nir_only"": 1551.9667413660259}}","[""c03"", ""h01""]"
44,m0007_4b398b64,7,2905.886570339477,True,0.0524249645727316,"{""accretion_rate_msun_per_year"": 7.3011756855e-08, ""cavity_half_opening_deg"": 17.5, ""distance_pc"": 140.0, ""envelope_amax_um"": 1.0, ""envelope_density_exponent"": -1.5, ""envelope_dust_mass_msun"": 0.0001, ""envelope_ice_mass_fraction"": 0.04, ""envelope_silicate_file"": ""Draine_Si_sUV.dat"", ""envelope_size_exponent"": 2.75, ""inclination_deg"": 50.0, ""stellar_mass_msun"": 0.5, ""stellar_radius_rsun"": 2.5, ""stellar_temperature_k"": 4000.0}",mass_size,"{""miri_gain_0.01"": {""baseline"": 3255.7919871266595, ""nir_miri_equal"": 4215.873679513649, ""nir_only"": 1669.1683054352857}, ""miri_gain_0.02"": {""baseline"": 2905.886570339477, ""nir_miri_equal"": 3428.0271744859792, ""nir_only"": 1669.1683054352857}, ""miri_gain_0.05"": {""baseline"": 2200.1896743332227, ""nir_miri_equal"": 2245.2748070605376, ""nir_only"": 1669.1683054352857}}","[""c03"", ""c06"", ""h01"", ""h03""]"
45,m0037_c66f2ae1,37,2915.3684403242164,True,0.03652694046747573,"{""accretion_rate_msun_per_year"": 7.3011756855e-08, ""cavity_half_opening_deg"": 17.5, ""distance_pc"": 140.0, ""envelope_amax_um"": 0.4, ""envelope_density_exponent"": -1.5, ""envelope_dust_mass_msun"": 0.00015, ""envelope_ice_mass_fraction"": 0.04, ""envelope_silicate_file"": ""Pyroxene_Mg05Fe05SiO3_Dorschner1995_mcfost.dat"", ""envelope_size_exponent"": 2.75, ""inclination_deg"": 60.0, ""stellar_mass_msun"": 0.5, ""stellar_radius_rsun"": 2.5, ""stellar_temperature_k"": 4000.0}",material,"{""miri_gain_0.01"": {""baseline"": 3325.530625327327, ""nir_miri_equal"": 4722.671959329651, ""nir_only"": 1506.947051244367}, ""miri_gain_0.02"": {""baseline"": 2915.3684403242164, ""nir_miri_equal"": 3666.6459891363697, ""nir_only"": 1506.947051244367}, ""miri_gain_0.05"": {""baseline"": 2120.3830510741955, ""nir_miri_equal"": 2240.590065884461, ""nir_only"": 1506.947051244367}}","[""c01"", ""c03"", ""c04"", ""c07"", ""h01"", ""h02"", ""s01""]"
46,m0038_ae83e6f4,38,2917.6000484847737,True,0.039766262566541366,"{""accretion_rate_msun_per_year"": 7.3011756855e-08, ""cavity_half_opening_deg"": 17.5, ""distance_pc"": 140.0, ""envelope_amax_um"": 0.4, ""envelope_density_exponent"": -1.5, ""envelope_dust_mass_msun"": 0.00015, ""envelope_ice_mass_fraction"": 0.04, ""envelope_silicate_file"": ""Pyroxene_Mg05Fe05SiO3_Dorschner1995_mcfost.dat"", ""envelope_size_exponent"": 2.75, ""inclination_deg"": 70.0, ""stellar_mass_msun"": 0.5, ""stellar_radius_rsun"": 2.5, ""stellar_temperature_k"": 4000.0}",material,"{""miri_gain_0.01"": {""baseline"": 3330.422468405106, ""nir_miri_equal"": 4746.425581337096, ""nir_only"": 1499.1593560466522}, ""miri_gain_0.02"": {""baseline"": 2917.6000484847737, ""nir_miri_equal"": 3679.245165284343, ""nir_only"": 1499.1593560466522}, ""miri_gain_0.05"": {""baseline"": 2117.237916411378, ""nir_miri_equal"": 2239.4602616563425, ""nir_only"": 1499.1593560466522}}","[""c01"", ""c04"", ""c07"", ""h01"", ""s01""]"
47,m0006_fb30e6fe,6,2919.0111510286606,True,0.034196683331966016,"{""accretion_rate_msun_per_year"": 7.3011756855e-08, ""cavity_half_opening_deg"": 17.5, ""distance_pc"": 140.0, ""envelope_amax_um"": 0.4, ""envelope_density_exponent"": -1.5, ""envelope_dust_mass_msun"": 0.0001, ""envelope_ice_mass_fraction"": 0.04, ""envelope_silicate_file"": ""Draine_Si_sUV.dat"", ""envelope_size_exponent"": 2.75, ""inclination_deg"": 50.0, ""stellar_mass_msun"": 0.5, ""stellar_radius_rsun"": 2.5, ""stellar_temperature_k"": 4000.0}",mass_size,"{""miri_gain_0.01"": {""baseline"": 3307.56783242765, ""nir_miri_equal"": 4574.250112402979, ""nir_only"": 1569.8471792244882}, ""miri_gain_0.02"": {""baseline"": 2919.0111510286606, ""nir_miri_equal"": 3605.5173115400867, ""nir_only"": 1569.8471792244882}, ""miri_gain_0.05"": {""baseline"": 2155.226864004357, ""nir_miri_equal"": 2253.441764689929, ""nir_only"": 1569.8471792244882}}","[""c01"", ""c03"", ""c08"", ""h01"", ""h04""]"
48,m0036_ceffebc5,36,2925.45377814753,True,0.03309733762736333,"{""accretion_rate_msun_per_year"": 7.3011756855e-08, ""cavity_half_opening_deg"": 17.5, ""distance_pc"": 140.0, ""envelope_amax_um"": 0.4, ""envelope_density_exponent"": -1.5, ""envelope_dust_mass_msun"": 0.00015, ""envelope_ice_mass_fraction"": 0.04, ""envelope_silicate_file"": ""Pyroxene_Mg05Fe05SiO3_Dorschner1995_mcfost.dat"", ""envelope_size_exponent"": 2.75, ""inclination_deg"": 50.0, ""stellar_mass_msun"": 0.5, ""stellar_radius_rsun"": 2.5, ""stellar_temperature_k"": 4000.0}",material,"{""miri_gain_0.01"": {""baseline"": 3334.6914063594695, ""nir_miri_equal"": 4721.887912292575, ""nir_only"": 1522.0812038508227}, ""miri_gain_0.02"": {""baseline"": 2925.45377814753, ""nir_miri_equal"": 3670.584769225525, ""nir_only"": 1522.0812038508227}, ""miri_gain_0.05"": {""baseline"": 2132.361899232239, ""nir_miri_equal"": 2250.1096234687748, ""nir_only"": 1522.0812038508227}}","[""c01"", ""c03"", ""c04"", ""c08"", ""h01"", ""s01""]"
49,m0053_8a945062,53,2941.237303636797,True,0.03391536900850989,"{""accretion_rate_msun_per_year"": 7.3011756855e-08, ""cavity_half_opening_deg"": 17.5, ""distance_pc"": 140.0, ""envelope_amax_um"": 0.4, ""envelope_density_exponent"": -1.75, ""envelope_dust_mass_msun"": 2.3935670895360002e-05, ""envelope_ice_mass_fraction"": 0.04, ""envelope_silicate_file"": ""Draine_Si_sUV.dat"", ""envelope_size_exponent"": 2.75, ""inclination_deg"": 70.0, ""stellar_mass_msun"": 0.5, ""stellar_radius_rsun"": 2.5, ""stellar_temperature_k"": 4000.0}",density_profile,"{""miri_gain_0.01"": {""baseline"": 3337.530836809299, ""nir_miri_equal"": 4633.980460229213, ""nir_only"": 1578.590594236958}, ""miri_gain_0.02"": {""baseline"": 2941.237303636797, ""nir_miri_equal"": 3637.023832847823, ""nir_only"": 1578.590594236958}, ""miri_gain_0.05"": {""baseline"": 2165.9076431046697, ""nir_miri_equal"": 2261.7152397019836, ""nir_only"": 1578.590594236958}}","[""c06"", ""c07"", ""h01""]"
50,m0052_92aebdfa,52,2952.6662658962823,True,0.0292830739874107,"{""accretion_rate_msun_per_year"": 7.3011756855e-08, ""cavity_half_opening_deg"": 17.5, ""distance_pc"": 140.0, ""envelope_amax_um"": 0.4, ""envelope_density_exponent"": -1.75, ""envelope_dust_mass_msun"": 2.3935670895360002e-05, ""envelope_ice_mass_fraction"": 0.04, ""envelope_silicate_file"": ""Draine_Si_sUV.dat"", ""envelope_size_exponent"": 2.75, ""inclination_deg"": 60.0, ""stellar_mass_msun"": 0.5, ""stellar_radius_rsun"": 2.5, ""stellar_temperature_k"": 4000.0}",density_profile,"{""miri_gain_0.01"": {""baseline"": 3347.7994876895546, ""nir_miri_equal"": 4634.942101227016, ""nir_only"": 1593.320426946911}, ""miri_gain_0.02"": {""baseline"": 2952.6662658962823, ""nir_miri_equal"": 3644.0000354820477, ""nir_only"": 1593.320426946911}, ""miri_gain_0.05"": {""baseline"": 2178.931162342381, ""nir_miri_equal"": 2273.413871186845, ""nir_only"": 1593.320426946911}}","[""c07"", ""h01""]"
51,m0051_183dd540,51,2970.1320311706404,True,0.025483955673365588,"{""accretion_rate_msun_per_year"": 7.3011756855e-08, ""cavity_half_opening_deg"": 17.5, ""distance_pc"": 140.0, ""envelope_amax_um"": 0.4, ""envelope_density_exponent"": -1.75, ""envelope_dust_mass_msun"": 2.3935670895360002e-05, ""envelope_ice_mass_fraction"": 0.04, ""envelope_silicate_file"": ""Draine_Si_sUV.dat"", ""envelope_size_exponent"": 2.75, ""inclination_deg"": 50.0, ""stellar_mass_msun"": 0.5, ""stellar_radius_rsun"": 2.5, ""stellar_temperature_k"": 4000.0}",density_profile,"{""miri_gain_0.01"": {""baseline"": 3366.0310613287756, ""nir_miri_equal"": 4654.19539335824, ""nir_only"": 1609.2060474266618}, ""miri_gain_0.02"": {""baseline"": 2970.1320311706404, ""nir_miri_equal"": 3661.710703121902, ""nir_only"": 1609.2060474266618}, ""miri_gain_0.05"": {""baseline"": 2194.7250300880814, ""nir_miri_equal"": 2288.1084648251012, ""nir_only"": 1609.2060474266618}}","[""c08"", ""c09"", ""h01"", ""h04""]"
52,m0035_2c9149db,35,3131.4924834987523,True,0.010234848098171101,"{""accretion_rate_msun_per_year"": 7.3011756855e-08, ""cavity_half_opening_deg"": 17.5, ""distance_pc"": 140.0, ""envelope_amax_um"": 0.4, ""envelope_density_exponent"": -1.5, ""envelope_dust_mass_msun"": 0.0001, ""envelope_ice_mass_fraction"": 0.04, ""envelope_silicate_file"": ""Pyroxene_Mg05Fe05SiO3_Dorschner1995_mcfost.dat"", ""envelope_size_exponent"": 2.75, ""inclination_deg"": 70.0, ""stellar_mass_msun"": 0.5, ""stellar_radius_rsun"": 2.5, ""stellar_temperature_k"": 4000.0}",material,"{""miri_gain_0.01"": {""baseline"": 3570.289381758689, ""nir_miri_equal"": 5109.803910966748, ""nir_only"": 1646.4731586530856}, ""miri_gain_0.02"": {""baseline"": 3131.4924834987523, ""nir_miri_equal"": 3948.9407271346563, ""nir_only"": 1646.4731586530856}, ""miri_gain_0.05"": {""baseline"": 2282.4415009622803, ""nir_miri_equal"": 2399.4147729830283, ""nir_only"": 1646.4731586530856}}","[""c03"", ""c06"", ""h01"", ""s01""]"
53,m0034_1b110f70,34,3131.822301536631,True,0.009295712445881121,"{""accretion_rate_msun_per_year"": 7.3011756855e-08, ""cavity_half_opening_deg"": 17.5, ""distance_pc"": 140.0, ""envelope_amax_um"": 0.4, ""envelope_density_exponent"": -1.5, ""envelope_dust_mass_msun"": 0.0001, ""envelope_ice_mass_fraction"": 0.04, ""envelope_silicate_file"": ""Pyroxene_Mg05Fe05SiO3_Dorschner1995_mcfost.dat"", ""envelope_size_exponent"": 2.75, ""inclination_deg"": 60.0, ""stellar_mass_msun"": 0.5, ""stellar_radius_rsun"": 2.5, ""stellar_temperature_k"": 4000.0}",material,"{""miri_gain_0.01"": {""baseline"": 3569.7705400489817, ""nir_miri_equal"": 5103.630353741544, ""nir_only"": 1650.3022252540711}, ""miri_gain_0.02"": {""baseline"": 3131.822301536631, ""nir_miri_equal"": 3945.992947110645, ""nir_only"": 1650.3022252540711}, ""miri_gain_0.05"": {""baseline"": 2284.4835476969824, ""nir_miri_equal"": 2400.505568043771, ""nir_only"": 1650.3022252540711}}","[""c01"", ""c03"", ""h01"", ""s01""]"
54,m0033_3cfa6b6c,33,3137.6980202972863,True,0.008364890881617848,"{""accretion_rate_msun_per_year"": 7.3011756855e-08, ""cavity_half_opening_deg"": 17.5, ""distance_pc"": 140.0, ""envelope_amax_um"": 0.4, ""envelope_density_exponent"": -1.5, ""envelope_dust_mass_msun"": 0.0001, ""envelope_ice_mass_fraction"": 0.04, ""envelope_silicate_file"": ""Pyroxene_Mg05Fe05SiO3_Dorschner1995_mcfost.dat"", ""envelope_size_exponent"": 2.75, ""inclination_deg"": 50.0, ""stellar_mass_msun"": 0.5, ""stellar_radius_rsun"": 2.5, ""stellar_temperature_k"": 4000.0}",material,"{""miri_gain_0.01"": {""baseline"": 3575.4529517527026, ""nir_miri_equal"": 5106.3404453996745, ""nir_only"": 1658.1125258881214}, ""miri_gain_0.02"": {""baseline"": 3137.6980202972863, ""nir_miri_equal"": 3949.652136731142, ""nir_only"": 1658.1125258881214}, ""miri_gain_0.05"": {""baseline"": 2290.7764472784315, ""nir_miri_equal"": 2405.3382875203365, ""nir_only"": 1658.1125258881214}}","[""c01"", ""c03"", ""c07"", ""c08"", ""h01"", ""h02"", ""s01""]"
55,m0004_11bd84fb,4,3185.2353230749886,True,0.0057520574256954005,"{""accretion_rate_msun_per_year"": 7.3011756855e-08, ""cavity_half_opening_deg"": 17.5, ""distance_pc"": 140.0, ""envelope_amax_um"": 0.4, ""envelope_density_exponent"": -1.5, ""envelope_dust_mass_msun"": 6e-05, ""envelope_ice_mass_fraction"": 0.04, ""envelope_silicate_file"": ""Draine_Si_sUV.dat"", ""envelope_size_exponent"": 2.75, ""inclination_deg"": 70.0, ""stellar_mass_msun"": 0.5, ""stellar_radius_rsun"": 2.5, ""stellar_temperature_k"": 4000.0}",mass_size,"{""miri_gain_0.01"": {""baseline"": 3627.1542789222985, ""nir_miri_equal"": 5172.762322043373, ""nir_only"": 1697.8249278302312}, ""miri_gain_0.02"": {""baseline"": 3185.2353230749886, ""nir_miri_equal"": 4001.5727881273233, ""nir_only"": 1697.8249278302312}, ""miri_gain_0.05"": {""baseline"": 2329.9984117239455, ""nir_miri_equal"": 2438.939486719655, ""nir_only"": 1697.8249278302312}}","[""c03"", ""h01""]"
56,m0002_0e561b14,2,3189.120119836937,True,0.00503398142058098,"{""accretion_rate_msun_per_year"": 7.3011756855e-08, ""cavity_half_opening_deg"": 17.5, ""distance_pc"": 140.0, ""envelope_amax_um"": 0.4, ""envelope_density_exponent"": -1.5, ""envelope_dust_mass_msun"": 6e-05, ""envelope_ice_mass_fraction"": 0.04, ""envelope_silicate_file"": ""Draine_Si_sUV.dat"", ""envelope_size_exponent"": 2.75, ""inclination_deg"": 60.0, ""stellar_mass_msun"": 0.5, ""stellar_radius_rsun"": 2.5, ""stellar_temperature_k"": 4000.0}",mass_size,"{""miri_gain_0.01"": {""baseline"": 3630.6970871579583, ""nir_miri_equal"": 5173.75232615755, ""nir_only"": 1703.3615232527864}, ""miri_gain_0.02"": {""baseline"": 3189.120119836937, ""nir_miri_equal"": 4003.831291649345, ""nir_only"": 1703.3615232527864}, ""miri_gain_0.05"": {""baseline"": 2334.4522735374844, ""nir_miri_equal"": 2442.431488310285, ""nir_only"": 1703.3615232527864}}","[""c01"", ""c03"", ""h01""]"
57,m0000_1bd5e8cc,0,3193.7443728008084,True,0.004507377726620687,"{""accretion_rate_msun_per_year"": 7.3011756855e-08, ""cavity_half_opening_deg"": 17.5, ""distance_pc"": 140.0, ""envelope_amax_um"": 0.4, ""envelope_density_exponent"": -1.5, ""envelope_dust_mass_msun"": 6e-05, ""envelope_ice_mass_fraction"": 0.04, ""envelope_silicate_file"": ""Draine_Si_sUV.dat"", ""envelope_size_exponent"": 2.75, ""inclination_deg"": 50.0, ""stellar_mass_msun"": 0.5, ""stellar_radius_rsun"": 2.5, ""stellar_temperature_k"": 4000.0}",mass_size,"{""miri_gain_0.01"": {""baseline"": 3635.2231125435455, ""nir_miri_equal"": 5176.658843265035, ""nir_only"": 1709.0737179461046}, ""miri_gain_0.02"": {""baseline"": 3193.7443728008084, ""nir_miri_equal"": 4007.19735737497, ""nir_only"": 1709.0737179461046}, ""miri_gain_0.05"": {""baseline"": 2339.228314803185, ""nir_miri_equal"": 2446.186613801977, ""nir_only"": 1709.0737179461046}}","[""c03"", ""c08"", ""c09"", ""h01""]"
58,m0005_d68a50fd,5,3211.602394619571,True,0.007092577372208919,"{""accretion_rate_msun_per_year"": 7.3011756855e-08, ""cavity_half_opening_deg"": 17.5, ""distance_pc"": 140.0, ""envelope_amax_um"": 1.0, ""envelope_density_exponent"": -1.5, ""envelope_dust_mass_msun"": 6e-05, ""envelope_ice_mass_fraction"": 0.04, ""envelope_silicate_file"": ""Draine_Si_sUV.dat"", ""envelope_size_exponent"": 2.75, ""inclination_deg"": 70.0, ""stellar_mass_msun"": 0.5, ""stellar_radius_rsun"": 2.5, ""stellar_temperature_k"": 4000.0}",mass_size,"{""miri_gain_0.01"": {""baseline"": 3650.721548101341, ""nir_miri_equal"": 5166.64417364668, ""nir_only"": 1741.4280894847757}, ""miri_gain_0.02"": {""baseline"": 3211.602394619571, ""nir_miri_equal"": 4007.616807706917, ""nir_only"": 1741.4280894847757}, ""miri_gain_0.05"": {""baseline"": 2361.0965947692785, ""nir_miri_equal"": 2457.3851351912303, ""nir_only"": 1741.4280894847757}}","[""c03"", ""c07"", ""h01"", ""h03"", ""h04""]"
59,m0003_43c18d38,3,3215.670471306761,True,0.005815069626561864,"{""accretion_rate_msun_per_year"": 7.3011756855e-08, ""cavity_half_opening_deg"": 17.5, ""distance_pc"": 140.0, ""envelope_amax_um"": 1.0, ""envelope_density_exponent"": -1.5, ""envelope_dust_mass_msun"": 6e-05, ""envelope_ice_mass_fraction"": 0.04, ""envelope_silicate_file"": ""Draine_Si_sUV.dat"", ""envelope_size_exponent"": 2.75, ""inclination_deg"": 60.0, ""stellar_mass_msun"": 0.5, ""stellar_radius_rsun"": 2.5, ""stellar_temperature_k"": 4000.0}",mass_size,"{""miri_gain_0.01"": {""baseline"": 3655.0158430117317, ""nir_miri_equal"": 5172.761198527423, ""nir_only"": 1744.5477065012767}, ""miri_gain_0.02"": {""baseline"": 3215.670471306761, ""nir_miri_equal"": 4012.8400644583407, ""nir_only"": 1744.5477065012767}, ""miri_gain_0.05"": {""baseline"": 2364.694978077049, ""nir_miri_equal"": 2461.3344074654515, ""nir_only"": 1744.5477065012767}}","[""c03"", ""c06"", ""h01""]"
60,m0001_cd4fbbdc,1,3218.4337654046185,True,0.005065129579402861,"{""accretion_rate_msun_per_year"": 7.3011756855e-08, ""cavity_half_opening_deg"": 17.5, ""distance_pc"": 140.0, ""envelope_amax_um"": 1.0, ""envelope_density_exponent"": -1.5, ""envelope_dust_mass_msun"": 6e-05, ""envelope_ice_mass_fraction"": 0.04, ""envelope_silicate_file"": ""Draine_Si_sUV.dat"", ""envelope_size_exponent"": 2.75, ""inclination_deg"": 50.0, ""stellar_mass_msun"": 0.5, ""stellar_radius_rsun"": 2.5, ""stellar_temperature_k"": 4000.0}",mass_size,"{""miri_gain_0.01"": {""baseline"": 3657.9732939090877, ""nir_miri_equal"": 5177.063760440213, ""nir_only"": 1746.6174232845335}, ""miri_gain_0.02"": {""baseline"": 3218.4337654046185, ""nir_miri_equal"": 4016.3898707910407, ""nir_only"": 1746.6174232845335}, ""miri_gain_0.05"": {""baseline"": 2367.0734323308416, ""nir_miri_equal"": 2463.890084947248, ""nir_only"": 1746.6174232845335}}","[""c01"", ""c03"", ""h01"", ""h04""]"
