index,material_id,carbon_mass_fraction,ice_mass_fraction,density_exponent,inclination_deg,opacity_matching,parameters,reference_mass_msun,role,silicate_mass_fraction,stages
0,draine,0.0,0.04,-1.5,60.0,"{""S"": 2.0301226363441094, ""S_over_reference"": 1.0, ""absolute_ice_mass_msun"": 9e-06, ""absorption_18_over_9p7"": 0.3733329244497228, ""actual_mass_msun"": 0.000225, ""composition_mass_factor"": 1.0, ""discrete_optical_depth_match_certified"": false, ""mass_significant_digits"": 13, ""method"": ""mass-weighted pure-species DHS extinction at 2.2 um, then analytic radial-column profile factor"", ""mixture_absorption_18_cm2_g"": 1086.8843098390084, ""mixture_absorption_9p7_cm2_g"": 2911.3004470233386, ""mixture_extinction_cm2_g"": 1434.0515173339843, ""normalization_wavelength_um"": 2.2, ""profile_mass_factor"": 1.0, ""reference_extinction_cm2_g"": 1434.0515173339843, ""reference_mass_msun"": 0.000225}","{""accretion_rate_msun_per_year"": 7.3011756855e-08, ""cavity_half_opening_deg"": 17.5, ""distance_pc"": 140.0, ""envelope_amax_um"": 0.4, ""envelope_carbon_mass_fraction"": 0.0, ""envelope_density_exponent"": -1.5, ""envelope_dust_mass_msun"": 0.000225, ""envelope_ice_mass_fraction"": 0.04, ""envelope_silicate_file"": ""Draine_Si_sUV.dat"", ""envelope_size_exponent"": 2.75, ""inclination_deg"": 60.0, ""stellar_mass_msun"": 0.5, ""stellar_radius_rsun"": 2.5, ""stellar_temperature_k"": 4000.0}",0.000225,composition,0.96,[1]
1,draine,0.0,0.04,-1.5,70.0,"{""S"": 2.0301226363441094, ""S_over_reference"": 1.0, ""absolute_ice_mass_msun"": 9e-06, ""absorption_18_over_9p7"": 0.3733329244497228, ""actual_mass_msun"": 0.000225, ""composition_mass_factor"": 1.0, ""discrete_optical_depth_match_certified"": false, ""mass_significant_digits"": 13, ""method"": ""mass-weighted pure-species DHS extinction at 2.2 um, then analytic radial-column profile factor"", ""mixture_absorption_18_cm2_g"": 1086.8843098390084, ""mixture_absorption_9p7_cm2_g"": 2911.3004470233386, ""mixture_extinction_cm2_g"": 1434.0515173339843, ""normalization_wavelength_um"": 2.2, ""profile_mass_factor"": 1.0, ""reference_extinction_cm2_g"": 1434.0515173339843, ""reference_mass_msun"": 0.000225}","{""accretion_rate_msun_per_year"": 7.3011756855e-08, ""cavity_half_opening_deg"": 17.5, ""distance_pc"": 140.0, ""envelope_amax_um"": 0.4, ""envelope_carbon_mass_fraction"": 0.0, ""envelope_density_exponent"": -1.5, ""envelope_dust_mass_msun"": 0.000225, ""envelope_ice_mass_fraction"": 0.04, ""envelope_silicate_file"": ""Draine_Si_sUV.dat"", ""envelope_size_exponent"": 2.75, ""inclination_deg"": 70.0, ""stellar_mass_msun"": 0.5, ""stellar_radius_rsun"": 2.5, ""stellar_temperature_k"": 4000.0}",0.000225,composition,0.96,[1]
2,draine,0.0,0.08,-1.5,60.0,"{""S"": 2.0182987743521266, ""S_over_reference"": 0.9941757892945445, ""absolute_ice_mass_msun"": 1.8673214825008e-05, ""absorption_18_over_9p7"": 0.37956921304460367, ""actual_mass_msun"": 0.0002334151853126, ""composition_mass_factor"": 1.0374008236116985, ""discrete_optical_depth_match_certified"": false, ""mass_significant_digits"": 13, ""method"": ""mass-weighted pure-species DHS extinction at 2.2 um, then analytic radial-column profile factor"", ""mixture_absorption_18_cm2_g"": 1058.996685462508, ""mixture_absorption_9p7_cm2_g"": 2789.9962617307, ""mixture_extinction_cm2_g"": 1382.3504711914063, ""normalization_wavelength_um"": 2.2, ""profile_mass_factor"": 1.0, ""reference_extinction_cm2_g"": 1434.0515173339843, ""reference_mass_msun"": 0.000225}","{""accretion_rate_msun_per_year"": 7.3011756855e-08, ""cavity_half_opening_deg"": 17.5, ""distance_pc"": 140.0, ""envelope_amax_um"": 0.4, ""envelope_carbon_mass_fraction"": 0.0, ""envelope_density_exponent"": -1.5, ""envelope_dust_mass_msun"": 0.0002334151853126, ""envelope_ice_mass_fraction"": 0.08, ""envelope_silicate_file"": ""Draine_Si_sUV.dat"", ""envelope_size_exponent"": 2.75, ""inclination_deg"": 60.0, ""stellar_mass_msun"": 0.5, ""stellar_radius_rsun"": 2.5, ""stellar_temperature_k"": 4000.0}",0.000225,composition,0.92,[1]
3,draine,0.0,0.08,-1.5,70.0,"{""S"": 2.0182987743521266, ""S_over_reference"": 0.9941757892945445, ""absolute_ice_mass_msun"": 1.8673214825008e-05, ""absorption_18_over_9p7"": 0.37956921304460367, ""actual_mass_msun"": 0.0002334151853126, ""composition_mass_factor"": 1.0374008236116985, ""discrete_optical_depth_match_certified"": false, ""mass_significant_digits"": 13, ""method"": ""mass-weighted pure-species DHS extinction at 2.2 um, then analytic radial-column profile factor"", ""mixture_absorption_18_cm2_g"": 1058.996685462508, ""mixture_absorption_9p7_cm2_g"": 2789.9962617307, ""mixture_extinction_cm2_g"": 1382.3504711914063, ""normalization_wavelength_um"": 2.2, ""profile_mass_factor"": 1.0, ""reference_extinction_cm2_g"": 1434.0515173339843, ""reference_mass_msun"": 0.000225}","{""accretion_rate_msun_per_year"": 7.3011756855e-08, ""cavity_half_opening_deg"": 17.5, ""distance_pc"": 140.0, ""envelope_amax_um"": 0.4, ""envelope_carbon_mass_fraction"": 0.0, ""envelope_density_exponent"": -1.5, ""envelope_dust_mass_msun"": 0.0002334151853126, ""envelope_ice_mass_fraction"": 0.08, ""envelope_silicate_file"": ""Draine_Si_sUV.dat"", ""envelope_size_exponent"": 2.75, ""inclination_deg"": 70.0, ""stellar_mass_msun"": 0.5, ""stellar_radius_rsun"": 2.5, ""stellar_temperature_k"": 4000.0}",0.000225,composition,0.92,[1]
4,draine,0.0,0.12,-1.5,60.0,"{""S"": 2.0055561038100875, ""S_over_reference"": 0.9878989908815253, ""absolute_ice_mass_msun"": 2.9098115731416e-05, ""absorption_18_over_9p7"": 0.386372436966292, ""actual_mass_msun"": 0.0002424842977618, ""composition_mass_factor"": 1.077707990052573, ""discrete_optical_depth_match_certified"": false, ""mass_significant_digits"": 13, ""method"": ""mass-weighted pure-species DHS extinction at 2.2 um, then analytic radial-column profile factor"", ""mixture_absorption_18_cm2_g"": 1031.1090610860074, ""mixture_absorption_9p7_cm2_g"": 2668.6920764380607, ""mixture_extinction_cm2_g"": 1330.649425048828, ""normalization_wavelength_um"": 2.2, ""profile_mass_factor"": 1.0, ""reference_extinction_cm2_g"": 1434.0515173339843, ""reference_mass_msun"": 0.000225}","{""accretion_rate_msun_per_year"": 7.3011756855e-08, ""cavity_half_opening_deg"": 17.5, ""distance_pc"": 140.0, ""envelope_amax_um"": 0.4, ""envelope_carbon_mass_fraction"": 0.0, ""envelope_density_exponent"": -1.5, ""envelope_dust_mass_msun"": 0.0002424842977618, ""envelope_ice_mass_fraction"": 0.12, ""envelope_silicate_file"": ""Draine_Si_sUV.dat"", ""envelope_size_exponent"": 2.75, ""inclination_deg"": 60.0, ""stellar_mass_msun"": 0.5, ""stellar_radius_rsun"": 2.5, ""stellar_temperature_k"": 4000.0}",0.000225,composition,0.88,[1]
5,draine,0.0,0.12,-1.5,70.0,"{""S"": 2.0055561038100875, ""S_over_reference"": 0.9878989908815253, ""absolute_ice_mass_msun"": 2.9098115731416e-05, ""absorption_18_over_9p7"": 0.386372436966292, ""actual_mass_msun"": 0.0002424842977618, ""composition_mass_factor"": 1.077707990052573, ""discrete_optical_depth_match_certified"": false, ""mass_significant_digits"": 13, ""method"": ""mass-weighted pure-species DHS extinction at 2.2 um, then analytic radial-column profile factor"", ""mixture_absorption_18_cm2_g"": 1031.1090610860074, ""mixture_absorption_9p7_cm2_g"": 2668.6920764380607, ""mixture_extinction_cm2_g"": 1330.649425048828, ""normalization_wavelength_um"": 2.2, ""profile_mass_factor"": 1.0, ""reference_extinction_cm2_g"": 1434.0515173339843, ""reference_mass_msun"": 0.000225}","{""accretion_rate_msun_per_year"": 7.3011756855e-08, ""cavity_half_opening_deg"": 17.5, ""distance_pc"": 140.0, ""envelope_amax_um"": 0.4, ""envelope_carbon_mass_fraction"": 0.0, ""envelope_density_exponent"": -1.5, ""envelope_dust_mass_msun"": 0.0002424842977618, ""envelope_ice_mass_fraction"": 0.12, ""envelope_silicate_file"": ""Draine_Si_sUV.dat"", ""envelope_size_exponent"": 2.75, ""inclination_deg"": 70.0, ""stellar_mass_msun"": 0.5, ""stellar_radius_rsun"": 2.5, ""stellar_temperature_k"": 4000.0}",0.000225,composition,0.88,[1]
6,draine,0.1,0.04,-1.5,60.0,"{""S"": 1.1307134977863673, ""S_over_reference"": 0.5569680754964546, ""absolute_ice_mass_msun"": 5.454268241504e-06, ""absorption_18_over_9p7"": 0.3752271323881687, ""actual_mass_msun"": 0.0001363567060376, ""composition_mass_factor"": 0.6060298046114879, ""discrete_optical_depth_match_certified"": false, ""mass_significant_digits"": 13, ""method"": ""mass-weighted pure-species DHS extinction at 2.2 um, then analytic radial-column profile factor"", ""mixture_absorption_18_cm2_g"": 1003.9627070256716, ""mixture_absorption_9p7_cm2_g"": 2675.6133028969834, ""mixture_extinction_cm2_g"": 2366.305264892578, ""normalization_wavelength_um"": 2.2, ""profile_mass_factor"": 1.0, ""reference_extinction_cm2_g"": 1434.0515173339843, ""reference_mass_msun"": 0.000225}","{""accretion_rate_msun_per_year"": 7.3011756855e-08, ""cavity_half_opening_deg"": 17.5, ""distance_pc"": 140.0, ""envelope_amax_um"": 0.4, ""envelope_carbon_mass_fraction"": 0.1, ""envelope_density_exponent"": -1.5, ""envelope_dust_mass_msun"": 0.0001363567060376, ""envelope_ice_mass_fraction"": 0.04, ""envelope_silicate_file"": ""Draine_Si_sUV.dat"", ""envelope_size_exponent"": 2.75, ""inclination_deg"": 60.0, ""stellar_mass_msun"": 0.5, ""stellar_radius_rsun"": 2.5, ""stellar_temperature_k"": 4000.0}",0.000225,composition,0.86,[1]
7,draine,0.1,0.04,-1.5,70.0,"{""S"": 1.1307134977863673, ""S_over_reference"": 0.5569680754964546, ""absolute_ice_mass_msun"": 5.454268241504e-06, ""absorption_18_over_9p7"": 0.3752271323881687, ""actual_mass_msun"": 0.0001363567060376, ""composition_mass_factor"": 0.6060298046114879, ""discrete_optical_depth_match_certified"": false, ""mass_significant_digits"": 13, ""method"": ""mass-weighted pure-species DHS extinction at 2.2 um, then analytic radial-column profile factor"", ""mixture_absorption_18_cm2_g"": 1003.9627070256716, ""mixture_absorption_9p7_cm2_g"": 2675.6133028969834, ""mixture_extinction_cm2_g"": 2366.305264892578, ""normalization_wavelength_um"": 2.2, ""profile_mass_factor"": 1.0, ""reference_extinction_cm2_g"": 1434.0515173339843, ""reference_mass_msun"": 0.000225}","{""accretion_rate_msun_per_year"": 7.3011756855e-08, ""cavity_half_opening_deg"": 17.5, ""distance_pc"": 140.0, ""envelope_amax_um"": 0.4, ""envelope_carbon_mass_fraction"": 0.1, ""envelope_density_exponent"": -1.5, ""envelope_dust_mass_msun"": 0.0001363567060376, ""envelope_ice_mass_fraction"": 0.04, ""envelope_silicate_file"": ""Draine_Si_sUV.dat"", ""envelope_size_exponent"": 2.75, ""inclination_deg"": 70.0, ""stellar_mass_msun"": 0.5, ""stellar_radius_rsun"": 2.5, ""stellar_temperature_k"": 4000.0}",0.000225,composition,0.86,[1]
8,draine,0.1,0.08,-1.5,60.0,"{""S"": 1.103561938111301, ""S_over_reference"": 0.5435937309179608, ""absolute_ice_mass_msun"": 1.1152199197992002e-05, ""absorption_18_over_9p7"": 0.38212880184392883, ""actual_mass_msun"": 0.0001394024899749, ""composition_mass_factor"": 0.6195666221106443, ""discrete_optical_depth_match_certified"": false, ""mass_significant_digits"": 13, ""method"": ""mass-weighted pure-species DHS extinction at 2.2 um, then analytic radial-column profile factor"", ""mixture_absorption_18_cm2_g"": 976.0750826491711, ""mixture_absorption_9p7_cm2_g"": 2554.309117604344, ""mixture_extinction_cm2_g"": 2314.60421875, ""normalization_wavelength_um"": 2.2, ""profile_mass_factor"": 1.0, ""reference_extinction_cm2_g"": 1434.0515173339843, ""reference_mass_msun"": 0.000225}","{""accretion_rate_msun_per_year"": 7.3011756855e-08, ""cavity_half_opening_deg"": 17.5, ""distance_pc"": 140.0, ""envelope_amax_um"": 0.4, ""envelope_carbon_mass_fraction"": 0.1, ""envelope_density_exponent"": -1.5, ""envelope_dust_mass_msun"": 0.0001394024899749, ""envelope_ice_mass_fraction"": 0.08, ""envelope_silicate_file"": ""Draine_Si_sUV.dat"", ""envelope_size_exponent"": 2.75, ""inclination_deg"": 60.0, ""stellar_mass_msun"": 0.5, ""stellar_radius_rsun"": 2.5, ""stellar_temperature_k"": 4000.0}",0.000225,composition,0.82,[1]
9,draine,0.1,0.08,-1.5,70.0,"{""S"": 1.103561938111301, ""S_over_reference"": 0.5435937309179608, ""absolute_ice_mass_msun"": 1.1152199197992002e-05, ""absorption_18_over_9p7"": 0.38212880184392883, ""actual_mass_msun"": 0.0001394024899749, ""composition_mass_factor"": 0.6195666221106443, ""discrete_optical_depth_match_certified"": false, ""mass_significant_digits"": 13, ""method"": ""mass-weighted pure-species DHS extinction at 2.2 um, then analytic radial-column profile factor"", ""mixture_absorption_18_cm2_g"": 976.0750826491711, ""mixture_absorption_9p7_cm2_g"": 2554.309117604344, ""mixture_extinction_cm2_g"": 2314.60421875, ""normalization_wavelength_um"": 2.2, ""profile_mass_factor"": 1.0, ""reference_extinction_cm2_g"": 1434.0515173339843, ""reference_mass_msun"": 0.000225}","{""accretion_rate_msun_per_year"": 7.3011756855e-08, ""cavity_half_opening_deg"": 17.5, ""distance_pc"": 140.0, ""envelope_amax_um"": 0.4, ""envelope_carbon_mass_fraction"": 0.1, ""envelope_density_exponent"": -1.5, ""envelope_dust_mass_msun"": 0.0001394024899749, ""envelope_ice_mass_fraction"": 0.08, ""envelope_silicate_file"": ""Draine_Si_sUV.dat"", ""envelope_size_exponent"": 2.75, ""inclination_deg"": 70.0, ""stellar_mass_msun"": 0.5, ""stellar_radius_rsun"": 2.5, ""stellar_temperature_k"": 4000.0}",0.000225,composition,0.82,[1]
10,draine,0.1,0.12,-1.5,60.0,"{""S"": 1.0751697031332912, ""S_over_reference"": 0.5296082531592677, ""absolute_ice_mass_msun"": 1.7110493916276e-05, ""absorption_18_over_9p7"": 0.38971867491109274, ""actual_mass_msun"": 0.0001425874493023, ""composition_mass_factor"": 0.6337219968990557, ""discrete_optical_depth_match_certified"": false, ""mass_significant_digits"": 13, ""method"": ""mass-weighted pure-species DHS extinction at 2.2 um, then analytic radial-column profile factor"", ""mixture_absorption_18_cm2_g"": 948.1874582726706, ""mixture_absorption_9p7_cm2_g"": 2433.004932311705, ""mixture_extinction_cm2_g"": 2262.903172607422, ""normalization_wavelength_um"": 2.2, ""profile_mass_factor"": 1.0, ""reference_extinction_cm2_g"": 1434.0515173339843, ""reference_mass_msun"": 0.000225}","{""accretion_rate_msun_per_year"": 7.3011756855e-08, ""cavity_half_opening_deg"": 17.5, ""distance_pc"": 140.0, ""envelope_amax_um"": 0.4, ""envelope_carbon_mass_fraction"": 0.1, ""envelope_density_exponent"": -1.5, ""envelope_dust_mass_msun"": 0.0001425874493023, ""envelope_ice_mass_fraction"": 0.12, ""envelope_silicate_file"": ""Draine_Si_sUV.dat"", ""envelope_size_exponent"": 2.75, ""inclination_deg"": 60.0, ""stellar_mass_msun"": 0.5, ""stellar_radius_rsun"": 2.5, ""stellar_temperature_k"": 4000.0}",0.000225,composition,0.78,[1]
11,draine,0.1,0.12,-1.5,70.0,"{""S"": 1.0751697031332912, ""S_over_reference"": 0.5296082531592677, ""absolute_ice_mass_msun"": 1.7110493916276e-05, ""absorption_18_over_9p7"": 0.38971867491109274, ""actual_mass_msun"": 0.0001425874493023, ""composition_mass_factor"": 0.6337219968990557, ""discrete_optical_depth_match_certified"": false, ""mass_significant_digits"": 13, ""method"": ""mass-weighted pure-species DHS extinction at 2.2 um, then analytic radial-column profile factor"", ""mixture_absorption_18_cm2_g"": 948.1874582726706, ""mixture_absorption_9p7_cm2_g"": 2433.004932311705, ""mixture_extinction_cm2_g"": 2262.903172607422, ""normalization_wavelength_um"": 2.2, ""profile_mass_factor"": 1.0, ""reference_extinction_cm2_g"": 1434.0515173339843, ""reference_mass_msun"": 0.000225}","{""accretion_rate_msun_per_year"": 7.3011756855e-08, ""cavity_half_opening_deg"": 17.5, ""distance_pc"": 140.0, ""envelope_amax_um"": 0.4, ""envelope_carbon_mass_fraction"": 0.1, ""envelope_density_exponent"": -1.5, ""envelope_dust_mass_msun"": 0.0001425874493023, ""envelope_ice_mass_fraction"": 0.12, ""envelope_silicate_file"": ""Draine_Si_sUV.dat"", ""envelope_size_exponent"": 2.75, ""inclination_deg"": 70.0, ""stellar_mass_msun"": 0.5, ""stellar_radius_rsun"": 2.5, ""stellar_temperature_k"": 4000.0}",0.000225,composition,0.78,[1]
12,draine,0.2,0.04,-1.5,60.0,"{""S"": 0.7396945604309528, ""S_over_reference"": 0.3643595451765473, ""absolute_ice_mass_msun"": 3.9127581490244e-06, ""absorption_18_over_9p7"": 0.37748728620394295, ""actual_mass_msun"": 9.781895372561e-05, ""composition_mass_factor"": 0.434750905447144, ""discrete_optical_depth_match_certified"": false, ""mass_significant_digits"": 13, ""method"": ""mass-weighted pure-species DHS extinction at 2.2 um, then analytic radial-column profile factor"", ""mixture_absorption_18_cm2_g"": 921.0411042123351, ""mixture_absorption_9p7_cm2_g"": 2439.926158770628, ""mixture_extinction_cm2_g"": 3298.5590124511723, ""normalization_wavelength_um"": 2.2, ""profile_mass_factor"": 1.0, ""reference_extinction_cm2_g"": 1434.0515173339843, ""reference_mass_msun"": 0.000225}","{""accretion_rate_msun_per_year"": 7.3011756855e-08, ""cavity_half_opening_deg"": 17.5, ""distance_pc"": 140.0, ""envelope_amax_um"": 0.4, ""envelope_carbon_mass_fraction"": 0.2, ""envelope_density_exponent"": -1.5, ""envelope_dust_mass_msun"": 9.781895372561e-05, ""envelope_ice_mass_fraction"": 0.04, ""envelope_silicate_file"": ""Draine_Si_sUV.dat"", ""envelope_size_exponent"": 2.75, ""inclination_deg"": 60.0, ""stellar_mass_msun"": 0.5, ""stellar_radius_rsun"": 2.5, ""stellar_temperature_k"": 4000.0}",0.000225,composition,0.76,[1]
13,draine,0.2,0.04,-1.5,70.0,"{""S"": 0.7396945604309528, ""S_over_reference"": 0.3643595451765473, ""absolute_ice_mass_msun"": 3.9127581490244e-06, ""absorption_18_over_9p7"": 0.37748728620394295, ""actual_mass_msun"": 9.781895372561e-05, ""composition_mass_factor"": 0.434750905447144, ""discrete_optical_depth_match_certified"": false, ""mass_significant_digits"": 13, ""method"": ""mass-weighted pure-species DHS extinction at 2.2 um, then analytic radial-column profile factor"", ""mixture_absorption_18_cm2_g"": 921.0411042123351, ""mixture_absorption_9p7_cm2_g"": 2439.926158770628, ""mixture_extinction_cm2_g"": 3298.5590124511723, ""normalization_wavelength_um"": 2.2, ""profile_mass_factor"": 1.0, ""reference_extinction_cm2_g"": 1434.0515173339843, ""reference_mass_msun"": 0.000225}","{""accretion_rate_msun_per_year"": 7.3011756855e-08, ""cavity_half_opening_deg"": 17.5, ""distance_pc"": 140.0, ""envelope_amax_um"": 0.4, ""envelope_carbon_mass_fraction"": 0.2, ""envelope_density_exponent"": -1.5, ""envelope_dust_mass_msun"": 9.781895372561e-05, ""envelope_ice_mass_fraction"": 0.04, ""envelope_silicate_file"": ""Draine_Si_sUV.dat"", ""envelope_size_exponent"": 2.75, ""inclination_deg"": 70.0, ""stellar_mass_msun"": 0.5, ""stellar_radius_rsun"": 2.5, ""stellar_temperature_k"": 4000.0}",0.000225,composition,0.76,[1]
14,draine,0.2,0.08,-1.5,60.0,"{""S"": 0.7141125351146999, ""S_over_reference"": 0.3517583235270406, ""absolute_ice_mass_msun"": 7.9501251917584e-06, ""absorption_18_over_9p7"": 0.3852087533251843, ""actual_mass_msun"": 9.937656489698e-05, ""composition_mass_factor"": 0.44167362176436104, ""discrete_optical_depth_match_certified"": false, ""mass_significant_digits"": 13, ""method"": ""mass-weighted pure-species DHS extinction at 2.2 um, then analytic radial-column profile factor"", ""mixture_absorption_18_cm2_g"": 893.1534798358346, ""mixture_absorption_9p7_cm2_g"": 2318.621973477989, ""mixture_extinction_cm2_g"": 3246.857966308594, ""normalization_wavelength_um"": 2.2, ""profile_mass_factor"": 1.0, ""reference_extinction_cm2_g"": 1434.0515173339843, ""reference_mass_msun"": 0.000225}","{""accretion_rate_msun_per_year"": 7.3011756855e-08, ""cavity_half_opening_deg"": 17.5, ""distance_pc"": 140.0, ""envelope_amax_um"": 0.4, ""envelope_carbon_mass_fraction"": 0.2, ""envelope_density_exponent"": -1.5, ""envelope_dust_mass_msun"": 9.937656489698e-05, ""envelope_ice_mass_fraction"": 0.08, ""envelope_silicate_file"": ""Draine_Si_sUV.dat"", ""envelope_size_exponent"": 2.75, ""inclination_deg"": 60.0, ""stellar_mass_msun"": 0.5, ""stellar_radius_rsun"": 2.5, ""stellar_temperature_k"": 4000.0}",0.000225,composition,0.72,"[1, 2]"
15,draine,0.2,0.08,-1.5,70.0,"{""S"": 0.7141125351146999, ""S_over_reference"": 0.3517583235270406, ""absolute_ice_mass_msun"": 7.9501251917584e-06, ""absorption_18_over_9p7"": 0.3852087533251843, ""actual_mass_msun"": 9.937656489698e-05, ""composition_mass_factor"": 0.44167362176436104, ""discrete_optical_depth_match_certified"": false, ""mass_significant_digits"": 13, ""method"": ""mass-weighted pure-species DHS extinction at 2.2 um, then analytic radial-column profile factor"", ""mixture_absorption_18_cm2_g"": 893.1534798358346, ""mixture_absorption_9p7_cm2_g"": 2318.621973477989, ""mixture_extinction_cm2_g"": 3246.857966308594, ""normalization_wavelength_um"": 2.2, ""profile_mass_factor"": 1.0, ""reference_extinction_cm2_g"": 1434.0515173339843, ""reference_mass_msun"": 0.000225}","{""accretion_rate_msun_per_year"": 7.3011756855e-08, ""cavity_half_opening_deg"": 17.5, ""distance_pc"": 140.0, ""envelope_amax_um"": 0.4, ""envelope_carbon_mass_fraction"": 0.2, ""envelope_density_exponent"": -1.5, ""envelope_dust_mass_msun"": 9.937656489698e-05, ""envelope_ice_mass_fraction"": 0.08, ""envelope_silicate_file"": ""Draine_Si_sUV.dat"", ""envelope_size_exponent"": 2.75, ""inclination_deg"": 70.0, ""stellar_mass_msun"": 0.5, ""stellar_radius_rsun"": 2.5, ""stellar_temperature_k"": 4000.0}",0.000225,composition,0.72,[1]
16,draine,0.2,0.12,-1.5,60.0,"{""S"": 0.6877026209001279, ""S_over_reference"": 0.3387492994701829, ""absolute_ice_mass_msun"": 1.2118150042536001e-05, ""absorption_18_over_9p7"": 0.3937827564641489, ""actual_mass_msun"": 0.0001009845836878, ""composition_mass_factor"": 0.44882037194576124, ""discrete_optical_depth_match_certified"": false, ""mass_significant_digits"": 13, ""method"": ""mass-weighted pure-species DHS extinction at 2.2 um, then analytic radial-column profile factor"", ""mixture_absorption_18_cm2_g"": 865.2658554593339, ""mixture_absorption_9p7_cm2_g"": 2197.31778818535, ""mixture_extinction_cm2_g"": 3195.156920166016, ""normalization_wavelength_um"": 2.2, ""profile_mass_factor"": 1.0, ""reference_extinction_cm2_g"": 1434.0515173339843, ""reference_mass_msun"": 0.000225}","{""accretion_rate_msun_per_year"": 7.3011756855e-08, ""cavity_half_opening_deg"": 17.5, ""distance_pc"": 140.0, ""envelope_amax_um"": 0.4, ""envelope_carbon_mass_fraction"": 0.2, ""envelope_density_exponent"": -1.5, ""envelope_dust_mass_msun"": 0.0001009845836878, ""envelope_ice_mass_fraction"": 0.12, ""envelope_silicate_file"": ""Draine_Si_sUV.dat"", ""envelope_size_exponent"": 2.75, ""inclination_deg"": 60.0, ""stellar_mass_msun"": 0.5, ""stellar_radius_rsun"": 2.5, ""stellar_temperature_k"": 4000.0}",0.000225,composition,0.68,"[1, 2]"
17,draine,0.2,0.12,-1.5,70.0,"{""S"": 0.6877026209001279, ""S_over_reference"": 0.3387492994701829, ""absolute_ice_mass_msun"": 1.2118150042536001e-05, ""absorption_18_over_9p7"": 0.3937827564641489, ""actual_mass_msun"": 0.0001009845836878, ""composition_mass_factor"": 0.44882037194576124, ""discrete_optical_depth_match_certified"": false, ""mass_significant_digits"": 13, ""method"": ""mass-weighted pure-species DHS extinction at 2.2 um, then analytic radial-column profile factor"", ""mixture_absorption_18_cm2_g"": 865.2658554593339, ""mixture_absorption_9p7_cm2_g"": 2197.31778818535, ""mixture_extinction_cm2_g"": 3195.156920166016, ""normalization_wavelength_um"": 2.2, ""profile_mass_factor"": 1.0, ""reference_extinction_cm2_g"": 1434.0515173339843, ""reference_mass_msun"": 0.000225}","{""accretion_rate_msun_per_year"": 7.3011756855e-08, ""cavity_half_opening_deg"": 17.5, ""distance_pc"": 140.0, ""envelope_amax_um"": 0.4, ""envelope_carbon_mass_fraction"": 0.2, ""envelope_density_exponent"": -1.5, ""envelope_dust_mass_msun"": 0.0001009845836878, ""envelope_ice_mass_fraction"": 0.12, ""envelope_silicate_file"": ""Draine_Si_sUV.dat"", ""envelope_size_exponent"": 2.75, ""inclination_deg"": 70.0, ""stellar_mass_msun"": 0.5, ""stellar_radius_rsun"": 2.5, ""stellar_temperature_k"": 4000.0}",0.000225,composition,0.68,[1]
18,draine,0.3,0.04,-1.5,60.0,"{""S"": 0.5209965885229071, ""S_over_reference"": 0.2566330620602948, ""absolute_ice_mass_msun"": 3.0505872956608e-06, ""absorption_18_over_9p7"": 0.38023077163174923, ""actual_mass_msun"": 7.626468239152e-05, ""composition_mass_factor"": 0.3389541439623233, ""discrete_optical_depth_match_certified"": false, ""mass_significant_digits"": 13, ""method"": ""mass-weighted pure-species DHS extinction at 2.2 um, then analytic radial-column profile factor"", ""mixture_absorption_18_cm2_g"": 838.1195013989984, ""mixture_absorption_9p7_cm2_g"": 2204.2390146442726, ""mixture_extinction_cm2_g"": 4230.812760009765, ""normalization_wavelength_um"": 2.2, ""profile_mass_factor"": 1.0, ""reference_extinction_cm2_g"": 1434.0515173339843, ""reference_mass_msun"": 0.000225}","{""accretion_rate_msun_per_year"": 7.3011756855e-08, ""cavity_half_opening_deg"": 17.5, ""distance_pc"": 140.0, ""envelope_amax_um"": 0.4, ""envelope_carbon_mass_fraction"": 0.3, ""envelope_density_exponent"": -1.5, ""envelope_dust_mass_msun"": 7.626468239152e-05, ""envelope_ice_mass_fraction"": 0.04, ""envelope_silicate_file"": ""Draine_Si_sUV.dat"", ""envelope_size_exponent"": 2.75, ""inclination_deg"": 60.0, ""stellar_mass_msun"": 0.5, ""stellar_radius_rsun"": 2.5, ""stellar_temperature_k"": 4000.0}",0.000225,composition,0.66,[1]
19,draine,0.3,0.04,-1.5,70.0,"{""S"": 0.5209965885229071, ""S_over_reference"": 0.2566330620602948, ""absolute_ice_mass_msun"": 3.0505872956608e-06, ""absorption_18_over_9p7"": 0.38023077163174923, ""actual_mass_msun"": 7.626468239152e-05, ""composition_mass_factor"": 0.3389541439623233, ""discrete_optical_depth_match_certified"": false, ""mass_significant_digits"": 13, ""method"": ""mass-weighted pure-species DHS extinction at 2.2 um, then analytic radial-column profile factor"", ""mixture_absorption_18_cm2_g"": 838.1195013989984, ""mixture_absorption_9p7_cm2_g"": 2204.2390146442726, ""mixture_extinction_cm2_g"": 4230.812760009765, ""normalization_wavelength_um"": 2.2, ""profile_mass_factor"": 1.0, ""reference_extinction_cm2_g"": 1434.0515173339843, ""reference_mass_msun"": 0.000225}","{""accretion_rate_msun_per_year"": 7.3011756855e-08, ""cavity_half_opening_deg"": 17.5, ""distance_pc"": 140.0, ""envelope_amax_um"": 0.4, ""envelope_carbon_mass_fraction"": 0.3, ""envelope_density_exponent"": -1.5, ""envelope_dust_mass_msun"": 7.626468239152e-05, ""envelope_ice_mass_fraction"": 0.04, ""envelope_silicate_file"": ""Draine_Si_sUV.dat"", ""envelope_size_exponent"": 2.75, ""inclination_deg"": 70.0, ""stellar_mass_msun"": 0.5, ""stellar_radius_rsun"": 2.5, ""stellar_temperature_k"": 4000.0}",0.000225,composition,0.66,[1]
20,draine,0.3,0.08,-1.5,60.0,"{""S"": 0.49841568542903747, ""S_over_reference"": 0.24551013643520359, ""absolute_ice_mass_msun"": 6.1766540545824004e-06, ""absorption_18_over_9p7"": 0.38898570690025047, ""actual_mass_msun"": 7.720817568228e-05, ""composition_mass_factor"": 0.34314744747681536, ""discrete_optical_depth_match_certified"": false, ""mass_significant_digits"": 13, ""method"": ""mass-weighted pure-species DHS extinction at 2.2 um, then analytic radial-column profile factor"", ""mixture_absorption_18_cm2_g"": 810.2318770224978, ""mixture_absorption_9p7_cm2_g"": 2082.9348293516337, ""mixture_extinction_cm2_g"": 4179.111713867187, ""normalization_wavelength_um"": 2.2, ""profile_mass_factor"": 1.0, ""reference_extinction_cm2_g"": 1434.0515173339843, ""reference_mass_msun"": 0.000225}","{""accretion_rate_msun_per_year"": 7.3011756855e-08, ""cavity_half_opening_deg"": 17.5, ""distance_pc"": 140.0, ""envelope_amax_um"": 0.4, ""envelope_carbon_mass_fraction"": 0.3, ""envelope_density_exponent"": -1.5, ""envelope_dust_mass_msun"": 7.720817568228e-05, ""envelope_ice_mass_fraction"": 0.08, ""envelope_silicate_file"": ""Draine_Si_sUV.dat"", ""envelope_size_exponent"": 2.75, ""inclination_deg"": 60.0, ""stellar_mass_msun"": 0.5, ""stellar_radius_rsun"": 2.5, ""stellar_temperature_k"": 4000.0}",0.000225,composition,0.62,[1]
21,draine,0.3,0.08,-1.5,70.0,"{""S"": 0.49841568542903747, ""S_over_reference"": 0.24551013643520359, ""absolute_ice_mass_msun"": 6.1766540545824004e-06, ""absorption_18_over_9p7"": 0.38898570690025047, ""actual_mass_msun"": 7.720817568228e-05, ""composition_mass_factor"": 0.34314744747681536, ""discrete_optical_depth_match_certified"": false, ""mass_significant_digits"": 13, ""method"": ""mass-weighted pure-species DHS extinction at 2.2 um, then analytic radial-column profile factor"", ""mixture_absorption_18_cm2_g"": 810.2318770224978, ""mixture_absorption_9p7_cm2_g"": 2082.9348293516337, ""mixture_extinction_cm2_g"": 4179.111713867187, ""normalization_wavelength_um"": 2.2, ""profile_mass_factor"": 1.0, ""reference_extinction_cm2_g"": 1434.0515173339843, ""reference_mass_msun"": 0.000225}","{""accretion_rate_msun_per_year"": 7.3011756855e-08, ""cavity_half_opening_deg"": 17.5, ""distance_pc"": 140.0, ""envelope_amax_um"": 0.4, ""envelope_carbon_mass_fraction"": 0.3, ""envelope_density_exponent"": -1.5, ""envelope_dust_mass_msun"": 7.720817568228e-05, ""envelope_ice_mass_fraction"": 0.08, ""envelope_silicate_file"": ""Draine_Si_sUV.dat"", ""envelope_size_exponent"": 2.75, ""inclination_deg"": 70.0, ""stellar_mass_msun"": 0.5, ""stellar_radius_rsun"": 2.5, ""stellar_temperature_k"": 4000.0}",0.000225,composition,0.62,[1]
22,draine,0.3,0.12,-1.5,60.0,"{""S"": 0.4752690735134474, ""S_over_reference"": 0.23410855334795078, ""absolute_ice_mass_msun"": 9.381036704390399e-06, ""absorption_18_over_9p7"": 0.3988234253045595, ""actual_mass_msun"": 7.817530586992e-05, ""composition_mass_factor"": 0.34744580386631585, ""discrete_optical_depth_match_certified"": false, ""mass_significant_digits"": 13, ""method"": ""mass-weighted pure-species DHS extinction at 2.2 um, then analytic radial-column profile factor"", ""mixture_absorption_18_cm2_g"": 782.3442526459972, ""mixture_absorption_9p7_cm2_g"": 1961.6306440589942, ""mixture_extinction_cm2_g"": 4127.410667724609, ""normalization_wavelength_um"": 2.2, ""profile_mass_factor"": 1.0, ""reference_extinction_cm2_g"": 1434.0515173339843, ""reference_mass_msun"": 0.000225}","{""accretion_rate_msun_per_year"": 7.3011756855e-08, ""cavity_half_opening_deg"": 17.5, ""distance_pc"": 140.0, ""envelope_amax_um"": 0.4, ""envelope_carbon_mass_fraction"": 0.3, ""envelope_density_exponent"": -1.5, ""envelope_dust_mass_msun"": 7.817530586992e-05, ""envelope_ice_mass_fraction"": 0.12, ""envelope_silicate_file"": ""Draine_Si_sUV.dat"", ""envelope_size_exponent"": 2.75, ""inclination_deg"": 60.0, ""stellar_mass_msun"": 0.5, ""stellar_radius_rsun"": 2.5, ""stellar_temperature_k"": 4000.0}",0.000225,composition,0.58,[1]
23,draine,0.3,0.12,-1.5,70.0,"{""S"": 0.4752690735134474, ""S_over_reference"": 0.23410855334795078, ""absolute_ice_mass_msun"": 9.381036704390399e-06, ""absorption_18_over_9p7"": 0.3988234253045595, ""actual_mass_msun"": 7.817530586992e-05, ""composition_mass_factor"": 0.34744580386631585, ""discrete_optical_depth_match_certified"": false, ""mass_significant_digits"": 13, ""method"": ""mass-weighted pure-species DHS extinction at 2.2 um, then analytic radial-column profile factor"", ""mixture_absorption_18_cm2_g"": 782.3442526459972, ""mixture_absorption_9p7_cm2_g"": 1961.6306440589942, ""mixture_extinction_cm2_g"": 4127.410667724609, ""normalization_wavelength_um"": 2.2, ""profile_mass_factor"": 1.0, ""reference_extinction_cm2_g"": 1434.0515173339843, ""reference_mass_msun"": 0.000225}","{""accretion_rate_msun_per_year"": 7.3011756855e-08, ""cavity_half_opening_deg"": 17.5, ""distance_pc"": 140.0, ""envelope_amax_um"": 0.4, ""envelope_carbon_mass_fraction"": 0.3, ""envelope_density_exponent"": -1.5, ""envelope_dust_mass_msun"": 7.817530586992e-05, ""envelope_ice_mass_fraction"": 0.12, ""envelope_silicate_file"": ""Draine_Si_sUV.dat"", ""envelope_size_exponent"": 2.75, ""inclination_deg"": 70.0, ""stellar_mass_msun"": 0.5, ""stellar_radius_rsun"": 2.5, ""stellar_temperature_k"": 4000.0}",0.000225,composition,0.58,[1]
24,draine,0.2,0.08,-1.75,60.0,"{""S"": 0.7141125351146999, ""S_over_reference"": 0.3517583235270406, ""absolute_ice_mass_msun"": 1.9029158016688e-06, ""absorption_18_over_9p7"": 0.3852087533251843, ""actual_mass_msun"": 2.378644752086e-05, ""composition_mass_factor"": 0.44167362176436104, ""discrete_optical_depth_match_certified"": false, ""mass_significant_digits"": 13, ""method"": ""mass-weighted pure-species DHS extinction at 2.2 um, then analytic radial-column profile factor"", ""mixture_absorption_18_cm2_g"": 893.1534798358346, ""mixture_absorption_9p7_cm2_g"": 2318.621973477989, ""mixture_extinction_cm2_g"": 3246.857966308594, ""normalization_wavelength_um"": 2.2, ""profile_mass_factor"": 0.2393567089536, ""reference_extinction_cm2_g"": 1434.0515173339843, ""reference_mass_msun"": 0.000225}","{""accretion_rate_msun_per_year"": 7.3011756855e-08, ""cavity_half_opening_deg"": 17.5, ""distance_pc"": 140.0, ""envelope_amax_um"": 0.4, ""envelope_carbon_mass_fraction"": 0.2, ""envelope_density_exponent"": -1.75, ""envelope_dust_mass_msun"": 2.378644752086e-05, ""envelope_ice_mass_fraction"": 0.08, ""envelope_silicate_file"": ""Draine_Si_sUV.dat"", ""envelope_size_exponent"": 2.75, ""inclination_deg"": 60.0, ""stellar_mass_msun"": 0.5, ""stellar_radius_rsun"": 2.5, ""stellar_temperature_k"": 4000.0}",0.000225,material_structure,0.72,[2]
25,draine,0.2,0.12,-1.75,60.0,"{""S"": 0.6877026209001279, ""S_over_reference"": 0.3387492994701829, ""absolute_ice_mass_msun"": 2.9005605127872e-06, ""absorption_18_over_9p7"": 0.3937827564641489, ""actual_mass_msun"": 2.417133760656e-05, ""composition_mass_factor"": 0.44882037194576124, ""discrete_optical_depth_match_certified"": false, ""mass_significant_digits"": 13, ""method"": ""mass-weighted pure-species DHS extinction at 2.2 um, then analytic radial-column profile factor"", ""mixture_absorption_18_cm2_g"": 865.2658554593339, ""mixture_absorption_9p7_cm2_g"": 2197.31778818535, ""mixture_extinction_cm2_g"": 3195.156920166016, ""normalization_wavelength_um"": 2.2, ""profile_mass_factor"": 0.2393567089536, ""reference_extinction_cm2_g"": 1434.0515173339843, ""reference_mass_msun"": 0.000225}","{""accretion_rate_msun_per_year"": 7.3011756855e-08, ""cavity_half_opening_deg"": 17.5, ""distance_pc"": 140.0, ""envelope_amax_um"": 0.4, ""envelope_carbon_mass_fraction"": 0.2, ""envelope_density_exponent"": -1.75, ""envelope_dust_mass_msun"": 2.417133760656e-05, ""envelope_ice_mass_fraction"": 0.12, ""envelope_silicate_file"": ""Draine_Si_sUV.dat"", ""envelope_size_exponent"": 2.75, ""inclination_deg"": 60.0, ""stellar_mass_msun"": 0.5, ""stellar_radius_rsun"": 2.5, ""stellar_temperature_k"": 4000.0}",0.000225,material_structure,0.68,[2]
26,pyroxene_mg50,0.2,0.08,-1.5,60.0,"{""S"": 0.739952601348733, ""S_over_reference"": 0.36448665125041724, ""absolute_ice_mass_msun"": 8.79314671704e-06, ""absorption_18_over_9p7"": 0.5047409213102709, ""actual_mass_msun"": 0.000109914333963, ""composition_mass_factor"": 0.4885081509464853, ""discrete_optical_depth_match_certified"": false, ""mass_significant_digits"": 13, ""method"": ""mass-weighted pure-species DHS extinction at 2.2 um, then analytic radial-column profile factor"", ""mixture_absorption_18_cm2_g"": 1096.3907334329804, ""mixture_absorption_9p7_cm2_g"": 2172.1851491391453, ""mixture_extinction_cm2_g"": 2935.573366699219, ""normalization_wavelength_um"": 2.2, ""profile_mass_factor"": 1.0, ""reference_extinction_cm2_g"": 1434.0515173339843, ""reference_mass_msun"": 0.000225}","{""accretion_rate_msun_per_year"": 7.3011756855e-08, ""cavity_half_opening_deg"": 17.5, ""distance_pc"": 140.0, ""envelope_amax_um"": 0.4, ""envelope_carbon_mass_fraction"": 0.2, ""envelope_density_exponent"": -1.5, ""envelope_dust_mass_msun"": 0.000109914333963, ""envelope_ice_mass_fraction"": 0.08, ""envelope_silicate_file"": ""Pyroxene_Mg05Fe05SiO3_Dorschner1995_mcfost.dat"", ""envelope_size_exponent"": 2.75, ""inclination_deg"": 60.0, ""stellar_mass_msun"": 0.5, ""stellar_radius_rsun"": 2.5, ""stellar_temperature_k"": 4000.0}",0.000225,material_structure,0.72,[2]
27,pyroxene_mg50,0.2,0.12,-1.5,60.0,"{""S"": 0.7097203011686302, ""S_over_reference"": 0.3495947921878801, ""absolute_ice_mass_msun"": 1.3346148471635999e-05, ""absorption_18_over_9p7"": 0.5134549583006398, ""actual_mass_msun"": 0.0001112179039303, ""composition_mass_factor"": 0.49430179524575585, ""discrete_optical_depth_match_certified"": false, ""mass_significant_digits"": 13, ""method"": ""mass-weighted pure-species DHS extinction at 2.2 um, then analytic radial-column profile factor"", ""mixture_absorption_18_cm2_g"": 1057.2121505233051, ""mixture_absorption_9p7_cm2_g"": 2059.0163429764425, ""mixture_extinction_cm2_g"": 2901.1659094238285, ""normalization_wavelength_um"": 2.2, ""profile_mass_factor"": 1.0, ""reference_extinction_cm2_g"": 1434.0515173339843, ""reference_mass_msun"": 0.000225}","{""accretion_rate_msun_per_year"": 7.3011756855e-08, ""cavity_half_opening_deg"": 17.5, ""distance_pc"": 140.0, ""envelope_amax_um"": 0.4, ""envelope_carbon_mass_fraction"": 0.2, ""envelope_density_exponent"": -1.5, ""envelope_dust_mass_msun"": 0.0001112179039303, ""envelope_ice_mass_fraction"": 0.12, ""envelope_silicate_file"": ""Pyroxene_Mg05Fe05SiO3_Dorschner1995_mcfost.dat"", ""envelope_size_exponent"": 2.75, ""inclination_deg"": 60.0, ""stellar_mass_msun"": 0.5, ""stellar_radius_rsun"": 2.5, ""stellar_temperature_k"": 4000.0}",0.000225,material_structure,0.68,[2]
28,pyroxene_mg50,0.2,0.08,-1.75,60.0,"{""S"": 0.739952601348733, ""S_over_reference"": 0.36448665125041724, ""absolute_ice_mass_msun"": 2.104698659536e-06, ""absorption_18_over_9p7"": 0.5047409213102709, ""actual_mass_msun"": 2.63087332442e-05, ""composition_mass_factor"": 0.4885081509464853, ""discrete_optical_depth_match_certified"": false, ""mass_significant_digits"": 13, ""method"": ""mass-weighted pure-species DHS extinction at 2.2 um, then analytic radial-column profile factor"", ""mixture_absorption_18_cm2_g"": 1096.3907334329804, ""mixture_absorption_9p7_cm2_g"": 2172.1851491391453, ""mixture_extinction_cm2_g"": 2935.573366699219, ""normalization_wavelength_um"": 2.2, ""profile_mass_factor"": 0.2393567089536, ""reference_extinction_cm2_g"": 1434.0515173339843, ""reference_mass_msun"": 0.000225}","{""accretion_rate_msun_per_year"": 7.3011756855e-08, ""cavity_half_opening_deg"": 17.5, ""distance_pc"": 140.0, ""envelope_amax_um"": 0.4, ""envelope_carbon_mass_fraction"": 0.2, ""envelope_density_exponent"": -1.75, ""envelope_dust_mass_msun"": 2.63087332442e-05, ""envelope_ice_mass_fraction"": 0.08, ""envelope_silicate_file"": ""Pyroxene_Mg05Fe05SiO3_Dorschner1995_mcfost.dat"", ""envelope_size_exponent"": 2.75, ""inclination_deg"": 60.0, ""stellar_mass_msun"": 0.5, ""stellar_radius_rsun"": 2.5, ""stellar_temperature_k"": 4000.0}",0.000225,material_structure,0.72,[2]
29,pyroxene_mg50,0.2,0.12,-1.75,60.0,"{""S"": 0.7097203011686302, ""S_over_reference"": 0.3495947921878801, ""absolute_ice_mass_msun"": 3.1944901753764e-06, ""absorption_18_over_9p7"": 0.5134549583006398, ""actual_mass_msun"": 2.662075146147e-05, ""composition_mass_factor"": 0.49430179524575585, ""discrete_optical_depth_match_certified"": false, ""mass_significant_digits"": 13, ""method"": ""mass-weighted pure-species DHS extinction at 2.2 um, then analytic radial-column profile factor"", ""mixture_absorption_18_cm2_g"": 1057.2121505233051, ""mixture_absorption_9p7_cm2_g"": 2059.0163429764425, ""mixture_extinction_cm2_g"": 2901.1659094238285, ""normalization_wavelength_um"": 2.2, ""profile_mass_factor"": 0.2393567089536, ""reference_extinction_cm2_g"": 1434.0515173339843, ""reference_mass_msun"": 0.000225}","{""accretion_rate_msun_per_year"": 7.3011756855e-08, ""cavity_half_opening_deg"": 17.5, ""distance_pc"": 140.0, ""envelope_amax_um"": 0.4, ""envelope_carbon_mass_fraction"": 0.2, ""envelope_density_exponent"": -1.75, ""envelope_dust_mass_msun"": 2.662075146147e-05, ""envelope_ice_mass_fraction"": 0.12, ""envelope_silicate_file"": ""Pyroxene_Mg05Fe05SiO3_Dorschner1995_mcfost.dat"", ""envelope_size_exponent"": 2.75, ""inclination_deg"": 60.0, ""stellar_mass_msun"": 0.5, ""stellar_radius_rsun"": 2.5, ""stellar_temperature_k"": 4000.0}",0.000225,material_structure,0.68,[2]
30,olivine_mg50,0.2,0.08,-1.5,60.0,"{""S"": 0.5562525405161598, ""S_over_reference"": 0.2739994769566591, ""absolute_ice_mass_msun"": 7.7906479544216e-06, ""absorption_18_over_9p7"": 0.6107601085312819, ""actual_mass_msun"": 9.738309943027e-05, ""composition_mass_factor"": 0.4328137752456596, ""discrete_optical_depth_match_certified"": false, ""mass_significant_digits"": 13, ""method"": ""mass-weighted pure-species DHS extinction at 2.2 um, then analytic radial-column profile factor"", ""mixture_absorption_18_cm2_g"": 1125.65770854324, ""mixture_absorption_9p7_cm2_g"": 1843.0439264446263, ""mixture_extinction_cm2_g"": 3313.322263183594, ""normalization_wavelength_um"": 2.2, ""profile_mass_factor"": 1.0, ""reference_extinction_cm2_g"": 1434.0515173339843, ""reference_mass_msun"": 0.000225}","{""accretion_rate_msun_per_year"": 7.3011756855e-08, ""cavity_half_opening_deg"": 17.5, ""distance_pc"": 140.0, ""envelope_amax_um"": 0.4, ""envelope_carbon_mass_fraction"": 0.2, ""envelope_density_exponent"": -1.5, ""envelope_dust_mass_msun"": 9.738309943027e-05, ""envelope_ice_mass_fraction"": 0.08, ""envelope_silicate_file"": ""Olivine_MgFeSiO4_Dorschner1995_mcfost.dat"", ""envelope_size_exponent"": 2.75, ""inclination_deg"": 60.0, ""stellar_mass_msun"": 0.5, ""stellar_radius_rsun"": 2.5, ""stellar_temperature_k"": 4000.0}",0.000225,material_structure,0.72,[2]
31,olivine_mg50,0.2,0.12,-1.5,60.0,"{""S"": 0.5365865476615741, ""S_over_reference"": 0.26431238096427084, ""absolute_ice_mass_msun"": 1.18846647261636e-05, ""absorption_18_over_9p7"": 0.6205683238461663, ""actual_mass_msun"": 9.903887271803e-05, ""composition_mass_factor"": 0.4401727676356897, ""discrete_optical_depth_match_certified"": false, ""mass_significant_digits"": 13, ""method"": ""mass-weighted pure-species DHS extinction at 2.2 um, then analytic radial-column profile factor"", ""mixture_absorption_18_cm2_g"": 1084.8531825718837, ""mixture_absorption_9p7_cm2_g"": 1748.160743764952, ""mixture_extinction_cm2_g"": 3257.9287561035158, ""normalization_wavelength_um"": 2.2, ""profile_mass_factor"": 1.0, ""reference_extinction_cm2_g"": 1434.0515173339843, ""reference_mass_msun"": 0.000225}","{""accretion_rate_msun_per_year"": 7.3011756855e-08, ""cavity_half_opening_deg"": 17.5, ""distance_pc"": 140.0, ""envelope_amax_um"": 0.4, ""envelope_carbon_mass_fraction"": 0.2, ""envelope_density_exponent"": -1.5, ""envelope_dust_mass_msun"": 9.903887271803e-05, ""envelope_ice_mass_fraction"": 0.12, ""envelope_silicate_file"": ""Olivine_MgFeSiO4_Dorschner1995_mcfost.dat"", ""envelope_size_exponent"": 2.75, ""inclination_deg"": 60.0, ""stellar_mass_msun"": 0.5, ""stellar_radius_rsun"": 2.5, ""stellar_temperature_k"": 4000.0}",0.000225,material_structure,0.68,[2]
32,olivine_mg50,0.2,0.08,-1.75,60.0,"{""S"": 0.5562525405161598, ""S_over_reference"": 0.2739994769566591, ""absolute_ice_mass_msun"": 1.8647438549864001e-06, ""absorption_18_over_9p7"": 0.6107601085312819, ""actual_mass_msun"": 2.330929818733e-05, ""composition_mass_factor"": 0.4328137752456596, ""discrete_optical_depth_match_certified"": false, ""mass_significant_digits"": 13, ""method"": ""mass-weighted pure-species DHS extinction at 2.2 um, then analytic radial-column profile factor"", ""mixture_absorption_18_cm2_g"": 1125.65770854324, ""mixture_absorption_9p7_cm2_g"": 1843.0439264446263, ""mixture_extinction_cm2_g"": 3313.322263183594, ""normalization_wavelength_um"": 2.2, ""profile_mass_factor"": 0.2393567089536, ""reference_extinction_cm2_g"": 1434.0515173339843, ""reference_mass_msun"": 0.000225}","{""accretion_rate_msun_per_year"": 7.3011756855e-08, ""cavity_half_opening_deg"": 17.5, ""distance_pc"": 140.0, ""envelope_amax_um"": 0.4, ""envelope_carbon_mass_fraction"": 0.2, ""envelope_density_exponent"": -1.75, ""envelope_dust_mass_msun"": 2.330929818733e-05, ""envelope_ice_mass_fraction"": 0.08, ""envelope_silicate_file"": ""Olivine_MgFeSiO4_Dorschner1995_mcfost.dat"", ""envelope_size_exponent"": 2.75, ""inclination_deg"": 60.0, ""stellar_mass_msun"": 0.5, ""stellar_radius_rsun"": 2.5, ""stellar_temperature_k"": 4000.0}",0.000225,material_structure,0.72,[2]
33,olivine_mg50,0.2,0.12,-1.75,60.0,"{""S"": 0.5365865476615741, ""S_over_reference"": 0.26431238096427084, ""absolute_ice_mass_msun"": 2.8446742358712e-06, ""absorption_18_over_9p7"": 0.6205683238461663, ""actual_mass_msun"": 2.370561863226e-05, ""composition_mass_factor"": 0.4401727676356897, ""discrete_optical_depth_match_certified"": false, ""mass_significant_digits"": 13, ""method"": ""mass-weighted pure-species DHS extinction at 2.2 um, then analytic radial-column profile factor"", ""mixture_absorption_18_cm2_g"": 1084.8531825718837, ""mixture_absorption_9p7_cm2_g"": 1748.160743764952, ""mixture_extinction_cm2_g"": 3257.9287561035158, ""normalization_wavelength_um"": 2.2, ""profile_mass_factor"": 0.2393567089536, ""reference_extinction_cm2_g"": 1434.0515173339843, ""reference_mass_msun"": 0.000225}","{""accretion_rate_msun_per_year"": 7.3011756855e-08, ""cavity_half_opening_deg"": 17.5, ""distance_pc"": 140.0, ""envelope_amax_um"": 0.4, ""envelope_carbon_mass_fraction"": 0.2, ""envelope_density_exponent"": -1.75, ""envelope_dust_mass_msun"": 2.370561863226e-05, ""envelope_ice_mass_fraction"": 0.12, ""envelope_silicate_file"": ""Olivine_MgFeSiO4_Dorschner1995_mcfost.dat"", ""envelope_size_exponent"": 2.75, ""inclination_deg"": 60.0, ""stellar_mass_msun"": 0.5, ""stellar_radius_rsun"": 2.5, ""stellar_temperature_k"": 4000.0}",0.000225,material_structure,0.68,[2]
