fresh_model_index	grid_model_index	model_label
0	0	m2p00_a0p40_q3p25_i0p05
1	1	m2p00_a0p40_q3p50_i0p05
2	2	m2p00_a0p40_q3p75_i0p05
3	3	m2p00_a0p40_q4p00_i0p05
4	4	m2p00_a0p50_q3p25_i0p05
5	6	m2p00_a0p50_q3p75_i0p05
6	7	m2p00_a0p50_q4p00_i0p05
7	8	m2p00_a0p60_q3p25_i0p05
8	10	m2p00_a0p60_q3p75_i0p05
9	11	m2p00_a0p60_q4p00_i0p05
10	12	m2p25_a0p40_q3p25_i0p05
11	13	m2p25_a0p40_q3p50_i0p05
12	14	m2p25_a0p40_q3p75_i0p05
13	15	m2p25_a0p40_q4p00_i0p05
14	16	m2p25_a0p50_q3p25_i0p05
15	18	m2p25_a0p50_q3p75_i0p05
16	19	m2p25_a0p50_q4p00_i0p05
17	20	m2p25_a0p60_q3p25_i0p05
18	22	m2p25_a0p60_q3p75_i0p05
19	23	m2p25_a0p60_q4p00_i0p05
20	24	m2p50_a0p40_q3p25_i0p05
21	25	m2p50_a0p40_q3p50_i0p05
22	26	m2p50_a0p40_q3p75_i0p05
23	27	m2p50_a0p40_q4p00_i0p05
24	28	m2p50_a0p50_q3p25_i0p05
25	30	m2p50_a0p50_q3p75_i0p05
26	31	m2p50_a0p50_q4p00_i0p05
27	32	m2p50_a0p60_q3p25_i0p05
28	34	m2p50_a0p60_q3p75_i0p05
29	35	m2p50_a0p60_q4p00_i0p05
