grid_model_index	model_label	mass_factor	envelope_dust_mass_msun	envelope_amax_um	envelope_size_exponent	execution	fresh_model_index	temperature_parameter	temperature_parameter_sha256	rt_parameter	rt_parameter_sha256	upstream_model_label
0	m2p00_a0p40_q3p25_i0p05	2.00	0.0002	0.40	3.25	fresh	0	jwst_mcfost/runs/strict_continuum_3d_q_v1/models/m2p00_a0p40_q3p25_i0p05/disk_envelope_m2p00_a0p40_q3p25_i0p05_temperature.para	b2d80b8fc76451288af90fe5baece43069b0a0a1c5cd4ddf6f55c5900d55c8be	jwst_mcfost/runs/strict_continuum_3d_q_v1/models/m2p00_a0p40_q3p25_i0p05/disk_envelope_m2p00_a0p40_q3p25_i0p05_rt.para	01bb0fe7a224e5ca72d5bb1b800987cc9dd3eb0941fe953658a4a97069126599	
1	m2p00_a0p40_q3p50_i0p05	2.00	0.0002	0.40	3.50	fresh	1	jwst_mcfost/runs/strict_continuum_3d_q_v1/models/m2p00_a0p40_q3p50_i0p05/disk_envelope_m2p00_a0p40_q3p50_i0p05_temperature.para	2a01566b68fc437ea3d0dfcc6df5d61b225d502032cdcc1315c9ccf1e17df695	jwst_mcfost/runs/strict_continuum_3d_q_v1/models/m2p00_a0p40_q3p50_i0p05/disk_envelope_m2p00_a0p40_q3p50_i0p05_rt.para	5e828314e0b4e007b2399e11922eb18100db14c3dca6b24d2b9ecd4b0b3e95c8	
2	m2p00_a0p40_q3p75_i0p05	2.00	0.0002	0.40	3.75	fresh	2	jwst_mcfost/runs/strict_continuum_3d_q_v1/models/m2p00_a0p40_q3p75_i0p05/disk_envelope_m2p00_a0p40_q3p75_i0p05_temperature.para	9f9b301fd5d3ee918e17fa66ca1fa113882c88d83631345e340427d6132cb62c	jwst_mcfost/runs/strict_continuum_3d_q_v1/models/m2p00_a0p40_q3p75_i0p05/disk_envelope_m2p00_a0p40_q3p75_i0p05_rt.para	2d7072183fcc82d1ddf9007f64d79ea889fba8600bbe2aa1f2cc0795607b2edc	
3	m2p00_a0p40_q4p00_i0p05	2.00	0.0002	0.40	4.00	fresh	3	jwst_mcfost/runs/strict_continuum_3d_q_v1/models/m2p00_a0p40_q4p00_i0p05/disk_envelope_m2p00_a0p40_q4p00_i0p05_temperature.para	b0d72ab935e8b3c3de4c61e4e76fe4f0f38bcc714f2d0f909c987b6cde28ef0a	jwst_mcfost/runs/strict_continuum_3d_q_v1/models/m2p00_a0p40_q4p00_i0p05/disk_envelope_m2p00_a0p40_q4p00_i0p05_rt.para	3a79fa4828e5506293e1f58e51d935bb1bd3ac8a756077289b9c0ff2e03d3a3e	
4	m2p00_a0p50_q3p25_i0p05	2.00	0.0002	0.50	3.25	fresh	4	jwst_mcfost/runs/strict_continuum_3d_q_v1/models/m2p00_a0p50_q3p25_i0p05/disk_envelope_m2p00_a0p50_q3p25_i0p05_temperature.para	5ad0349564418775c0b34f872fdc31645df75aad89cd06d40fe376df558ea964	jwst_mcfost/runs/strict_continuum_3d_q_v1/models/m2p00_a0p50_q3p25_i0p05/disk_envelope_m2p00_a0p50_q3p25_i0p05_rt.para	5a21d85be13223d205d023a6df3a093b376932b191ab6e64d3698c1831fd661a	
5	m2p00_a0p50_q3p50_i0p05	2.00	0.0002	0.50	3.50	upstream_reuse		jwst_mcfost/runs/strict_continuum_3d_q_v1/models/m2p00_a0p50_q3p50_i0p05/disk_envelope_m2p00_a0p50_q3p50_i0p05_temperature.para	310d8e97f04a8783df630370ee74f5d38204a4a3ce311035f92bac8f03bce92c	jwst_mcfost/runs/strict_continuum_3d_q_v1/models/m2p00_a0p50_q3p50_i0p05/disk_envelope_m2p00_a0p50_q3p50_i0p05_rt.para	2a02b092455191897c32f918372080d7a9950f112814e58322e41dd8e7b54c45	m2p00_a0p50_i0p05
6	m2p00_a0p50_q3p75_i0p05	2.00	0.0002	0.50	3.75	fresh	5	jwst_mcfost/runs/strict_continuum_3d_q_v1/models/m2p00_a0p50_q3p75_i0p05/disk_envelope_m2p00_a0p50_q3p75_i0p05_temperature.para	56bf0649b6546f220727268f24cff7d851f3baef137cddf61633b66e6cb67af8	jwst_mcfost/runs/strict_continuum_3d_q_v1/models/m2p00_a0p50_q3p75_i0p05/disk_envelope_m2p00_a0p50_q3p75_i0p05_rt.para	d324c1483ed5ba91ada7d5e1a7ac95091fb6841f884d5d7fc3bb56c4355f1c0f	
7	m2p00_a0p50_q4p00_i0p05	2.00	0.0002	0.50	4.00	fresh	6	jwst_mcfost/runs/strict_continuum_3d_q_v1/models/m2p00_a0p50_q4p00_i0p05/disk_envelope_m2p00_a0p50_q4p00_i0p05_temperature.para	92d619b3442167c3b9205b8a4c55d9dbac0d8c67bea4d1bd36de0a95cd3bda6b	jwst_mcfost/runs/strict_continuum_3d_q_v1/models/m2p00_a0p50_q4p00_i0p05/disk_envelope_m2p00_a0p50_q4p00_i0p05_rt.para	ec7e6c937e40b8047202d039ced802aaf43a3ee92465e3c8a6fdd2be41032d36	
8	m2p00_a0p60_q3p25_i0p05	2.00	0.0002	0.60	3.25	fresh	7	jwst_mcfost/runs/strict_continuum_3d_q_v1/models/m2p00_a0p60_q3p25_i0p05/disk_envelope_m2p00_a0p60_q3p25_i0p05_temperature.para	f3ed3b4d55981e2f81b054de60fcd83f3d3724657e14b2682363fc2b2c80063e	jwst_mcfost/runs/strict_continuum_3d_q_v1/models/m2p00_a0p60_q3p25_i0p05/disk_envelope_m2p00_a0p60_q3p25_i0p05_rt.para	7ca3a8fab6a3174f87bb86b867ba130f3758099f5b09aecfb330787416b91538	
9	m2p00_a0p60_q3p50_i0p05	2.00	0.0002	0.60	3.50	upstream_reuse		jwst_mcfost/runs/strict_continuum_3d_q_v1/models/m2p00_a0p60_q3p50_i0p05/disk_envelope_m2p00_a0p60_q3p50_i0p05_temperature.para	706c298341b3436cbc577e82593ef24fd041c1ada0da9ad1a72fa6bce8bb3842	jwst_mcfost/runs/strict_continuum_3d_q_v1/models/m2p00_a0p60_q3p50_i0p05/disk_envelope_m2p00_a0p60_q3p50_i0p05_rt.para	cd7c92aff5a5692816a0b8915587d121f2e974c8bca0b6a56fcd78559ee03521	m2p00_a0p60_i0p05
10	m2p00_a0p60_q3p75_i0p05	2.00	0.0002	0.60	3.75	fresh	8	jwst_mcfost/runs/strict_continuum_3d_q_v1/models/m2p00_a0p60_q3p75_i0p05/disk_envelope_m2p00_a0p60_q3p75_i0p05_temperature.para	d3502c906135c4215601a680d0d3ff99a189bd4a284ea928cd194cb52e255f7b	jwst_mcfost/runs/strict_continuum_3d_q_v1/models/m2p00_a0p60_q3p75_i0p05/disk_envelope_m2p00_a0p60_q3p75_i0p05_rt.para	07eb8f8e4567418d375b40fb70a98744882de665d39cbde3b1414399b5e7683a	
11	m2p00_a0p60_q4p00_i0p05	2.00	0.0002	0.60	4.00	fresh	9	jwst_mcfost/runs/strict_continuum_3d_q_v1/models/m2p00_a0p60_q4p00_i0p05/disk_envelope_m2p00_a0p60_q4p00_i0p05_temperature.para	7eae81d26b6c2a95721aecbd570aa71b53c4f7d868a0862b9ec06eda85d4da5c	jwst_mcfost/runs/strict_continuum_3d_q_v1/models/m2p00_a0p60_q4p00_i0p05/disk_envelope_m2p00_a0p60_q4p00_i0p05_rt.para	cbaf5717cdba77bd54615c9207430f114f37cdee7ab416261e28daa5a0d66740	
12	m2p25_a0p40_q3p25_i0p05	2.25	0.000225	0.40	3.25	fresh	10	jwst_mcfost/runs/strict_continuum_3d_q_v1/models/m2p25_a0p40_q3p25_i0p05/disk_envelope_m2p25_a0p40_q3p25_i0p05_temperature.para	f3968d13cb4351723893f2d9d3b8b7ff6146506b70906780236584434c35f602	jwst_mcfost/runs/strict_continuum_3d_q_v1/models/m2p25_a0p40_q3p25_i0p05/disk_envelope_m2p25_a0p40_q3p25_i0p05_rt.para	238130d76387998290b360c7dc68c330824e95e48a1cd2a70c2625f90e1c986c	
13	m2p25_a0p40_q3p50_i0p05	2.25	0.000225	0.40	3.50	fresh	11	jwst_mcfost/runs/strict_continuum_3d_q_v1/models/m2p25_a0p40_q3p50_i0p05/disk_envelope_m2p25_a0p40_q3p50_i0p05_temperature.para	86265666cd7d86006f4f15b5327404c4c0006ad91255e7071e750b27c30f3d81	jwst_mcfost/runs/strict_continuum_3d_q_v1/models/m2p25_a0p40_q3p50_i0p05/disk_envelope_m2p25_a0p40_q3p50_i0p05_rt.para	d49b4073d7ef9073a72267a9cbc8c98e707a83c97458b1ab431a1c2612a51ca1	
14	m2p25_a0p40_q3p75_i0p05	2.25	0.000225	0.40	3.75	fresh	12	jwst_mcfost/runs/strict_continuum_3d_q_v1/models/m2p25_a0p40_q3p75_i0p05/disk_envelope_m2p25_a0p40_q3p75_i0p05_temperature.para	8e48f1386079b3344912289e4fd2f7eb9c9f6a57276034b42a8860e03e3aadba	jwst_mcfost/runs/strict_continuum_3d_q_v1/models/m2p25_a0p40_q3p75_i0p05/disk_envelope_m2p25_a0p40_q3p75_i0p05_rt.para	ce9220efb9948c86ccb01d1da9407722d42e3fb202b9058190e0dc784ca4139b	
15	m2p25_a0p40_q4p00_i0p05	2.25	0.000225	0.40	4.00	fresh	13	jwst_mcfost/runs/strict_continuum_3d_q_v1/models/m2p25_a0p40_q4p00_i0p05/disk_envelope_m2p25_a0p40_q4p00_i0p05_temperature.para	f9aaed51dc63d3e7af43261d8f85a3515d9fe007ee325e2423979a919ae77776	jwst_mcfost/runs/strict_continuum_3d_q_v1/models/m2p25_a0p40_q4p00_i0p05/disk_envelope_m2p25_a0p40_q4p00_i0p05_rt.para	15dd69b35ad9ee770c055dd3c8fcd570cf54934f867f5109d407618a14d786c2	
16	m2p25_a0p50_q3p25_i0p05	2.25	0.000225	0.50	3.25	fresh	14	jwst_mcfost/runs/strict_continuum_3d_q_v1/models/m2p25_a0p50_q3p25_i0p05/disk_envelope_m2p25_a0p50_q3p25_i0p05_temperature.para	9ff32a7b0bace8cbd764a381259237dddec339b6e9a5ec41131f24831cacd662	jwst_mcfost/runs/strict_continuum_3d_q_v1/models/m2p25_a0p50_q3p25_i0p05/disk_envelope_m2p25_a0p50_q3p25_i0p05_rt.para	d3bfe047f3524f6d719a21d78020e20cb68a1d13c7dd91cd0d902b8d2f11a173	
17	m2p25_a0p50_q3p50_i0p05	2.25	0.000225	0.50	3.50	upstream_reuse		jwst_mcfost/runs/strict_continuum_3d_q_v1/models/m2p25_a0p50_q3p50_i0p05/disk_envelope_m2p25_a0p50_q3p50_i0p05_temperature.para	273ebd038f85adb9c773a96ed1cdcaf862286c6db00741cb134cc7bc34473af3	jwst_mcfost/runs/strict_continuum_3d_q_v1/models/m2p25_a0p50_q3p50_i0p05/disk_envelope_m2p25_a0p50_q3p50_i0p05_rt.para	898323fff2f3a9928fb5b3f8da8b37aff0f46bdddb603f61340b3fb803c4e4ca	m2p25_a0p50_i0p05
18	m2p25_a0p50_q3p75_i0p05	2.25	0.000225	0.50	3.75	fresh	15	jwst_mcfost/runs/strict_continuum_3d_q_v1/models/m2p25_a0p50_q3p75_i0p05/disk_envelope_m2p25_a0p50_q3p75_i0p05_temperature.para	429dad89e3eaca24de22cb3be1a35dad852ed2cc77f2eb2a743ee79bf82ce125	jwst_mcfost/runs/strict_continuum_3d_q_v1/models/m2p25_a0p50_q3p75_i0p05/disk_envelope_m2p25_a0p50_q3p75_i0p05_rt.para	8a5f7003f2a2379705a214ad83ecacf03dfa00912c871b623d0a50888b891dbb	
19	m2p25_a0p50_q4p00_i0p05	2.25	0.000225	0.50	4.00	fresh	16	jwst_mcfost/runs/strict_continuum_3d_q_v1/models/m2p25_a0p50_q4p00_i0p05/disk_envelope_m2p25_a0p50_q4p00_i0p05_temperature.para	5bd079b6fcb374681ef73a8728e9ea45b132734af4e07fec0eaf9cd81b8ccad9	jwst_mcfost/runs/strict_continuum_3d_q_v1/models/m2p25_a0p50_q4p00_i0p05/disk_envelope_m2p25_a0p50_q4p00_i0p05_rt.para	9e0d5f0e150dd74738adb3afc168c85dd1fc57c46accca0bc430994f4c3778cc	
20	m2p25_a0p60_q3p25_i0p05	2.25	0.000225	0.60	3.25	fresh	17	jwst_mcfost/runs/strict_continuum_3d_q_v1/models/m2p25_a0p60_q3p25_i0p05/disk_envelope_m2p25_a0p60_q3p25_i0p05_temperature.para	4be2f7ca6bf98d78936997f6f6c444dc4053c069cd3f1b72a733299f1fd74183	jwst_mcfost/runs/strict_continuum_3d_q_v1/models/m2p25_a0p60_q3p25_i0p05/disk_envelope_m2p25_a0p60_q3p25_i0p05_rt.para	c190261d595bc9e2ab1ae0538021c9a40b5200bc077cf07cb9e0618e6f459cdc	
21	m2p25_a0p60_q3p50_i0p05	2.25	0.000225	0.60	3.50	upstream_reuse		jwst_mcfost/runs/strict_continuum_3d_q_v1/models/m2p25_a0p60_q3p50_i0p05/disk_envelope_m2p25_a0p60_q3p50_i0p05_temperature.para	0e15b0b98c76994e754764d9576e6931c8fbdac2ef8e8819b7524a7bfbe85046	jwst_mcfost/runs/strict_continuum_3d_q_v1/models/m2p25_a0p60_q3p50_i0p05/disk_envelope_m2p25_a0p60_q3p50_i0p05_rt.para	da60f8ea014931f81d63e497ccfe27d2099d33324e54921315b44e1f698ec8eb	m2p25_a0p60_i0p05
22	m2p25_a0p60_q3p75_i0p05	2.25	0.000225	0.60	3.75	fresh	18	jwst_mcfost/runs/strict_continuum_3d_q_v1/models/m2p25_a0p60_q3p75_i0p05/disk_envelope_m2p25_a0p60_q3p75_i0p05_temperature.para	5ea0cb84cc653119667522e49597b608aaa44e423c91c7149e7b39d7c02c4bbe	jwst_mcfost/runs/strict_continuum_3d_q_v1/models/m2p25_a0p60_q3p75_i0p05/disk_envelope_m2p25_a0p60_q3p75_i0p05_rt.para	a9cf00f52c71a61203d4df1a7beb77a01c6b05be6166562957ab8443d6c3cbae	
23	m2p25_a0p60_q4p00_i0p05	2.25	0.000225	0.60	4.00	fresh	19	jwst_mcfost/runs/strict_continuum_3d_q_v1/models/m2p25_a0p60_q4p00_i0p05/disk_envelope_m2p25_a0p60_q4p00_i0p05_temperature.para	308967258717c3292ddd4bef479bf61ec96e8a300cd81a38ed56b3989d1048c3	jwst_mcfost/runs/strict_continuum_3d_q_v1/models/m2p25_a0p60_q4p00_i0p05/disk_envelope_m2p25_a0p60_q4p00_i0p05_rt.para	8eceb67e99fa0e8fa74125ce644daa4c4b1e6c50f9160e8508b48a205f9e5103	
24	m2p50_a0p40_q3p25_i0p05	2.50	0.00025	0.40	3.25	fresh	20	jwst_mcfost/runs/strict_continuum_3d_q_v1/models/m2p50_a0p40_q3p25_i0p05/disk_envelope_m2p50_a0p40_q3p25_i0p05_temperature.para	caaa7e7bf73f3a1b0c435ba202d8ab3bc6481e4921695f9297d6544478eb5a57	jwst_mcfost/runs/strict_continuum_3d_q_v1/models/m2p50_a0p40_q3p25_i0p05/disk_envelope_m2p50_a0p40_q3p25_i0p05_rt.para	b3ebb54335858536f9695d1472e4aaa2ec9dc03a950d4932da76168c66570f50	
25	m2p50_a0p40_q3p50_i0p05	2.50	0.00025	0.40	3.50	fresh	21	jwst_mcfost/runs/strict_continuum_3d_q_v1/models/m2p50_a0p40_q3p50_i0p05/disk_envelope_m2p50_a0p40_q3p50_i0p05_temperature.para	41de183f17cd90987aebc6bf5064d12fb3218b48086e52471be15d58bb75e637	jwst_mcfost/runs/strict_continuum_3d_q_v1/models/m2p50_a0p40_q3p50_i0p05/disk_envelope_m2p50_a0p40_q3p50_i0p05_rt.para	3ff7445ba2dcf5b34d6f00342676dc8e0e40d8d652222d16b6d0dc1bf655e424	
26	m2p50_a0p40_q3p75_i0p05	2.50	0.00025	0.40	3.75	fresh	22	jwst_mcfost/runs/strict_continuum_3d_q_v1/models/m2p50_a0p40_q3p75_i0p05/disk_envelope_m2p50_a0p40_q3p75_i0p05_temperature.para	f0d0ca947cda67056f9f9d5889db13fa0d7eec827d082dbb86277f1473adc8e2	jwst_mcfost/runs/strict_continuum_3d_q_v1/models/m2p50_a0p40_q3p75_i0p05/disk_envelope_m2p50_a0p40_q3p75_i0p05_rt.para	b8106acf297927d2459e37220103c0c298237a9e1acf558f26757e9d014ecf7f	
27	m2p50_a0p40_q4p00_i0p05	2.50	0.00025	0.40	4.00	fresh	23	jwst_mcfost/runs/strict_continuum_3d_q_v1/models/m2p50_a0p40_q4p00_i0p05/disk_envelope_m2p50_a0p40_q4p00_i0p05_temperature.para	4c7a61db3154555e6c4b238a06b2fcba84f87df3132d8938be467fc53d9c646b	jwst_mcfost/runs/strict_continuum_3d_q_v1/models/m2p50_a0p40_q4p00_i0p05/disk_envelope_m2p50_a0p40_q4p00_i0p05_rt.para	19e990f6f371af8f4e103bb49121c29e6f4c4cf795711591189a04ab368b708e	
28	m2p50_a0p50_q3p25_i0p05	2.50	0.00025	0.50	3.25	fresh	24	jwst_mcfost/runs/strict_continuum_3d_q_v1/models/m2p50_a0p50_q3p25_i0p05/disk_envelope_m2p50_a0p50_q3p25_i0p05_temperature.para	abc349432671636cb1c4bf8f165e5589fc0cd71a707fe62e0f71f044b1bd6ea7	jwst_mcfost/runs/strict_continuum_3d_q_v1/models/m2p50_a0p50_q3p25_i0p05/disk_envelope_m2p50_a0p50_q3p25_i0p05_rt.para	c16be213ac17d959e7e731b4a622fcdbe262d8c3e7f3fbebb8c0ff5ab8c9faec	
29	m2p50_a0p50_q3p50_i0p05	2.50	0.00025	0.50	3.50	upstream_reuse		jwst_mcfost/runs/strict_continuum_3d_q_v1/models/m2p50_a0p50_q3p50_i0p05/disk_envelope_m2p50_a0p50_q3p50_i0p05_temperature.para	26dc7739700575c0e2ed0ad9a5acd53d4eae15ec06d1531ba13711aa7fe09e9a	jwst_mcfost/runs/strict_continuum_3d_q_v1/models/m2p50_a0p50_q3p50_i0p05/disk_envelope_m2p50_a0p50_q3p50_i0p05_rt.para	8d55db51f9ebd14d5e6f729a8aa08a3c84de43fe46b179d2a567098a95e1e602	m2p50_a0p50_i0p05
30	m2p50_a0p50_q3p75_i0p05	2.50	0.00025	0.50	3.75	fresh	25	jwst_mcfost/runs/strict_continuum_3d_q_v1/models/m2p50_a0p50_q3p75_i0p05/disk_envelope_m2p50_a0p50_q3p75_i0p05_temperature.para	51089db421a515cb078ea5969aabe63adeabc678e6047c521f6b1dc26c69f3e0	jwst_mcfost/runs/strict_continuum_3d_q_v1/models/m2p50_a0p50_q3p75_i0p05/disk_envelope_m2p50_a0p50_q3p75_i0p05_rt.para	81b2f3661254b0058ea23dd7f0ae8d9251680aca5acebaf4654d36cbdbadaf1e	
31	m2p50_a0p50_q4p00_i0p05	2.50	0.00025	0.50	4.00	fresh	26	jwst_mcfost/runs/strict_continuum_3d_q_v1/models/m2p50_a0p50_q4p00_i0p05/disk_envelope_m2p50_a0p50_q4p00_i0p05_temperature.para	910f2b9592fc07375ecefde97d8ec02078b501f9f6b02e4b80ee8c43a297f2fe	jwst_mcfost/runs/strict_continuum_3d_q_v1/models/m2p50_a0p50_q4p00_i0p05/disk_envelope_m2p50_a0p50_q4p00_i0p05_rt.para	88cbf98cbe10d9aaa3747f73880097fbc7bf5bdd4feb42372adc6bfade232e5a	
32	m2p50_a0p60_q3p25_i0p05	2.50	0.00025	0.60	3.25	fresh	27	jwst_mcfost/runs/strict_continuum_3d_q_v1/models/m2p50_a0p60_q3p25_i0p05/disk_envelope_m2p50_a0p60_q3p25_i0p05_temperature.para	5d383554a295448ab9dff0221f50b46375b5f555787c8b4bf052cf5a6d68fbbc	jwst_mcfost/runs/strict_continuum_3d_q_v1/models/m2p50_a0p60_q3p25_i0p05/disk_envelope_m2p50_a0p60_q3p25_i0p05_rt.para	a6c20ce0f0a9d5915b50822cf9af5d2301203637367c9189cfb2cdfc6795867e	
33	m2p50_a0p60_q3p50_i0p05	2.50	0.00025	0.60	3.50	upstream_reuse		jwst_mcfost/runs/strict_continuum_3d_q_v1/models/m2p50_a0p60_q3p50_i0p05/disk_envelope_m2p50_a0p60_q3p50_i0p05_temperature.para	f5749d8cfaeefad34926080739bc50494623d9488c1ab9d6df3524ba058269e4	jwst_mcfost/runs/strict_continuum_3d_q_v1/models/m2p50_a0p60_q3p50_i0p05/disk_envelope_m2p50_a0p60_q3p50_i0p05_rt.para	933474319241fde2c7a8de01d9d4554c5fcd0e05b7f66fa56d9f7cb1cc2a8d1e	m2p50_a0p60_i0p05
34	m2p50_a0p60_q3p75_i0p05	2.50	0.00025	0.60	3.75	fresh	28	jwst_mcfost/runs/strict_continuum_3d_q_v1/models/m2p50_a0p60_q3p75_i0p05/disk_envelope_m2p50_a0p60_q3p75_i0p05_temperature.para	ea4b41cc282ccf39cc2c1b837e33bfb16b93509a7e500374a6066786fdfec71a	jwst_mcfost/runs/strict_continuum_3d_q_v1/models/m2p50_a0p60_q3p75_i0p05/disk_envelope_m2p50_a0p60_q3p75_i0p05_rt.para	e0b0efa7f4e805781683f29c78b70104557618cf83424ffd2a84c548487275dd	
35	m2p50_a0p60_q4p00_i0p05	2.50	0.00025	0.60	4.00	fresh	29	jwst_mcfost/runs/strict_continuum_3d_q_v1/models/m2p50_a0p60_q4p00_i0p05/disk_envelope_m2p50_a0p60_q4p00_i0p05_temperature.para	6166abdbcf7ce803c48d36fc5e3a17ca09dc4117f80dc8c71b61a12cad9e5cfa	jwst_mcfost/runs/strict_continuum_3d_q_v1/models/m2p50_a0p60_q4p00_i0p05/disk_envelope_m2p50_a0p60_q4p00_i0p05_rt.para	dd2231f580a85f33950ffa32b4b67ceb883fdf8dacc75c24b54da7819faea527	
