cell_index	grid_model_index	model_label	mass_factor	envelope_amax_um	envelope_size_exponent	anchor_ordinal	anchor_tag	region	bin_index	wavelength_um	wavelength_token	instrument	boundary_compromise	spatial_config	zoom_token	nx	ny	expected_fov_au	expected_pixel_au	expected_cdelt_deg	psf_fwhm_arcsec	wavelength_file	wavelength_file_sha256	seed	sed_photons	source_workflow	source_model_label	source_task_index	source_task_workdir	source_completion	source_completion_format	source_input_manifest	source_input_manifest_sha256
50	5	m2p00_a0p50_q3p50_i0p05	2.00	0.50	3.50	0	w000	near_ir_short	2	0.9946761707696127	0.9946761707696127	NIRSpec	false	full_n2401	1	2401	2401	6000	2.4989587671803415	4.9582515221832172e-06	0.032824313635397222	jwst_mcfost/runs/strict_continuum_3d_q_v1/anchors/w000/strict_continuum_anchor.lambda	958b10dda90471bb610395d7fe4ffc4a8c52cf9552775fb9f72f08df4d0897c3	41001	128000	strict_continuum_screen	m2p00_a0p50_i0p05	150	jwst_mcfost/runs/strict_continuum_screen/rt_tasks/t150_m2p00_a0p50_i0p05_w000	jwst_mcfost/runs/strict_continuum_screen/rt_tasks/t150_m2p00_a0p50_i0p05_w000/complete.txt	strict_screen_key_value_v1	jwst_mcfost/runs/strict_continuum_screen/input_manifest.json	79ed48b6619e3c57c501f6a7421655deda2ec34d9b42134f5193f61a997b92b9
51	5	m2p00_a0p50_q3p50_i0p05	2.00	0.50	3.50	1	w001	near_ir_short	21	1.2028117593024095	1.2028117593024095	NIRSpec	false	full_n2401	1	2401	2401	6000	2.4989587671803415	4.9582515221832172e-06	0.039692788056979511	jwst_mcfost/runs/strict_continuum_3d_q_v1/anchors/w001/strict_continuum_anchor.lambda	03eac41388c201eb0d3587e76e6cdbb0a254d084dea08a854af129f7798c686d	41001	128000	strict_continuum_screen	m2p00_a0p50_i0p05	151	jwst_mcfost/runs/strict_continuum_screen/rt_tasks/t151_m2p00_a0p50_i0p05_w001	jwst_mcfost/runs/strict_continuum_screen/rt_tasks/t151_m2p00_a0p50_i0p05_w001/complete.txt	strict_screen_key_value_v1	jwst_mcfost/runs/strict_continuum_screen/input_manifest.json	79ed48b6619e3c57c501f6a7421655deda2ec34d9b42134f5193f61a997b92b9
52	5	m2p00_a0p50_q3p50_i0p05	2.00	0.50	3.50	2	w002	near_ir_short	43	1.4987957445436022	1.4987957445436022	NIRSpec	false	full_n2401	1	2401	2401	6000	2.4989587671803415	4.9582515221832172e-06	0.049460259569938873	jwst_mcfost/runs/strict_continuum_3d_q_v1/anchors/w002/strict_continuum_anchor.lambda	5e5ede487ce8e28395d8732fcd14cbdcf044a502bbc451f3e32a4d760288e0ce	41001	128000	strict_continuum_screen	m2p00_a0p50_i0p05	152	jwst_mcfost/runs/strict_continuum_screen/rt_tasks/t152_m2p00_a0p50_i0p05_w002	jwst_mcfost/runs/strict_continuum_screen/rt_tasks/t152_m2p00_a0p50_i0p05_w002/complete.txt	strict_screen_key_value_v1	jwst_mcfost/runs/strict_continuum_screen/input_manifest.json	79ed48b6619e3c57c501f6a7421655deda2ec34d9b42134f5193f61a997b92b9
53	5	m2p00_a0p50_q3p50_i0p05	2.00	0.50	3.50	3	w003	near_ir_rise	59	1.7588530996181813	1.7588530996181813	NIRSpec	false	full_n2401	1	2401	2401	6000	2.4989587671803415	4.9582515221832172e-06	0.058042152287399985	jwst_mcfost/runs/strict_continuum_3d_q_v1/anchors/w003/strict_continuum_anchor.lambda	6096fee96dea6c68611a03b186f6797670dfd3a73c98ffae6e4e90e535aa1aee	41001	128000	strict_continuum_screen	m2p00_a0p50_i0p05	153	jwst_mcfost/runs/strict_continuum_screen/rt_tasks/t153_m2p00_a0p50_i0p05_w003	jwst_mcfost/runs/strict_continuum_screen/rt_tasks/t153_m2p00_a0p50_i0p05_w003/complete.txt	strict_screen_key_value_v1	jwst_mcfost/runs/strict_continuum_screen/input_manifest.json	79ed48b6619e3c57c501f6a7421655deda2ec34d9b42134f5193f61a997b92b9
54	5	m2p00_a0p50_q3p50_i0p05	2.00	0.50	3.50	4	w004	near_ir_rise	81	2.1916659199557045	2.1916659199557045	NIRSpec	false	full_n2401	1	2401	2401	6000	2.4989587671803415	4.9582515221832172e-06	0.072324975358538254	jwst_mcfost/runs/strict_continuum_3d_q_v1/anchors/w004/strict_continuum_anchor.lambda	adcd8c330cb64fdf6cd13feaf0fe06ed6c9726df6e30e2a5ad9b3c488f684d87	41001	128000	strict_continuum_screen	m2p00_a0p50_i0p05	154	jwst_mcfost/runs/strict_continuum_screen/rt_tasks/t154_m2p00_a0p50_i0p05_w004	jwst_mcfost/runs/strict_continuum_screen/rt_tasks/t154_m2p00_a0p50_i0p05_w004/complete.txt	strict_screen_key_value_v1	jwst_mcfost/runs/strict_continuum_screen/input_manifest.json	79ed48b6619e3c57c501f6a7421655deda2ec34d9b42134f5193f61a997b92b9
55	5	m2p00_a0p50_q3p50_i0p05	2.00	0.50	3.50	5	w005	near_ir_rise	96	2.546352514425122	2.546352514425122	NIRSpec	true	full_n2401	1	2401	2401	6000	2.4989587671803415	4.9582515221832172e-06	0.084029632976029028	jwst_mcfost/runs/strict_continuum_3d_q_v1/anchors/w005/strict_continuum_anchor.lambda	91d915d166c5e6bb5cb007f0659a7d85b73c54677f8d267a3239a12d70dd3290	41001	128000	strict_continuum_screen	m2p00_a0p50_i0p05	155	jwst_mcfost/runs/strict_continuum_screen/rt_tasks/t155_m2p00_a0p50_i0p05_w005	jwst_mcfost/runs/strict_continuum_screen/rt_tasks/t155_m2p00_a0p50_i0p05_w005/complete.txt	strict_screen_key_value_v1	jwst_mcfost/runs/strict_continuum_screen/input_manifest.json	79ed48b6619e3c57c501f6a7421655deda2ec34d9b42134f5193f61a997b92b9
56	5	m2p00_a0p50_q3p50_i0p05	2.00	0.50	3.50	6	w006	window_3p9	139	3.9143995604061015	3.9143995604061015	NIRSpec	true	support_zoom_n2401	1.9975051980918284	2401	2401	3003.7468767198525	1.2510399319949406	2.4822220872915486e-06	0.12917518549340135	jwst_mcfost/runs/strict_continuum_3d_q_v1/anchors/w006/strict_continuum_anchor.lambda	3f9b717a21e711e16c54ebd68a2308d823da5c67f37df6ad2ddbe13da82b8010	41001	128000	strict_continuum_refinement_v1_support_v1	m2p00_a0p50_i0p05	0	jwst_mcfost/runs/strict_continuum_refinement_v1_support_v1/rt_tasks/t000_m2p00_a0p50_i0p05_w006	jwst_mcfost/runs/strict_continuum_refinement_v1_support_v1/rt_tasks/t000_m2p00_a0p50_i0p05_w006/complete.json	support_v1_json	jwst_mcfost/runs/strict_continuum_refinement_v1_support_v1/input_manifest.json	a281f4ef937067662f9a1dd76d583a09732dc11176c923b1e3eef164bc0c538a
57	5	m2p00_a0p50_q3p50_i0p05	2.00	0.50	3.50	7	w007	window_5p4	171	5.3906283153397085	5.3906283153397085	MIRI	false	support_zoom_n2401	1.9975051980918284	2401	2401	3003.7468767198525	1.2510399319949406	2.4822220872915486e-06	0.28389073440621038	jwst_mcfost/runs/strict_continuum_3d_q_v1/anchors/w007/strict_continuum_anchor.lambda	5f63ad070f3c845a8f617a8a81a0c499df4a74529835dbb910e3bc7165189b12	41001	128000	strict_continuum_refinement_v1_support_v1	m2p00_a0p50_i0p05	1	jwst_mcfost/runs/strict_continuum_refinement_v1_support_v1/rt_tasks/t001_m2p00_a0p50_i0p05_w007	jwst_mcfost/runs/strict_continuum_refinement_v1_support_v1/rt_tasks/t001_m2p00_a0p50_i0p05_w007/complete.json	support_v1_json	jwst_mcfost/runs/strict_continuum_refinement_v1_support_v1/input_manifest.json	a281f4ef937067662f9a1dd76d583a09732dc11176c923b1e3eef164bc0c538a
58	5	m2p00_a0p50_q3p50_i0p05	2.00	0.50	3.50	8	w008	window_13p8	265	13.799908320389276	13.799908320389276	MIRI	false	zoom_n1201	3.9933471945199667	1201	1201	1502.4989583259237	1.2510399319949406	2.4822220872915486e-06	0.5613969745728461	jwst_mcfost/runs/strict_continuum_3d_q_v1/anchors/w008/strict_continuum_anchor.lambda	5797e825e4c6cd5a59e2cc5a5e36940d0ba149f20340a55934be09f172095b37	41001	128000	strict_continuum_screen	m2p00_a0p50_i0p05	158	jwst_mcfost/runs/strict_continuum_screen/rt_tasks/t158_m2p00_a0p50_i0p05_w008	jwst_mcfost/runs/strict_continuum_screen/rt_tasks/t158_m2p00_a0p50_i0p05_w008/complete.txt	strict_screen_key_value_v1	jwst_mcfost/runs/strict_continuum_screen/input_manifest.json	79ed48b6619e3c57c501f6a7421655deda2ec34d9b42134f5193f61a997b92b9
59	5	m2p00_a0p50_q3p50_i0p05	2.00	0.50	3.50	9	w009	window_27p5	334	27.513091575690556	27.513091575690556	MIRI	false	zoom_n1201	3.9933471945199667	1201	1201	1502.4989583259237	1.2510399319949406	2.4822220872915486e-06	1.0139320219977885	jwst_mcfost/runs/strict_continuum_3d_q_v1/anchors/w009/strict_continuum_anchor.lambda	02feaf67a3a60f2699c2d37af292482df3aaf64119571c73370a59f2c2945f23	41001	128000	strict_continuum_screen	m2p00_a0p50_i0p05	159	jwst_mcfost/runs/strict_continuum_screen/rt_tasks/t159_m2p00_a0p50_i0p05_w009	jwst_mcfost/runs/strict_continuum_screen/rt_tasks/t159_m2p00_a0p50_i0p05_w009/complete.txt	strict_screen_key_value_v1	jwst_mcfost/runs/strict_continuum_screen/input_manifest.json	79ed48b6619e3c57c501f6a7421655deda2ec34d9b42134f5193f61a997b92b9
90	9	m2p00_a0p60_q3p50_i0p05	2.00	0.60	3.50	0	w000	near_ir_short	2	0.9946761707696127	0.9946761707696127	NIRSpec	false	full_n2401	1	2401	2401	6000	2.4989587671803415	4.9582515221832172e-06	0.032824313635397222	jwst_mcfost/runs/strict_continuum_3d_q_v1/anchors/w000/strict_continuum_anchor.lambda	958b10dda90471bb610395d7fe4ffc4a8c52cf9552775fb9f72f08df4d0897c3	41001	128000	strict_continuum_refinement_v1	m2p00_a0p60_i0p05	0	jwst_mcfost/runs/strict_continuum_refinement_v1/rt_tasks/t000_m2p00_a0p60_i0p05_w000	jwst_mcfost/runs/strict_continuum_refinement_v1/rt_tasks/t000_m2p00_a0p60_i0p05_w000/complete.json	refinement_v1_json	jwst_mcfost/runs/strict_continuum_refinement_v1/input_manifest.json	580b43d6d3e154ec5e6db508172fb753bb33c2b78ee5218ea3b6c997a4bdde10
91	9	m2p00_a0p60_q3p50_i0p05	2.00	0.60	3.50	1	w001	near_ir_short	21	1.2028117593024095	1.2028117593024095	NIRSpec	false	full_n2401	1	2401	2401	6000	2.4989587671803415	4.9582515221832172e-06	0.039692788056979511	jwst_mcfost/runs/strict_continuum_3d_q_v1/anchors/w001/strict_continuum_anchor.lambda	03eac41388c201eb0d3587e76e6cdbb0a254d084dea08a854af129f7798c686d	41001	128000	strict_continuum_refinement_v1	m2p00_a0p60_i0p05	1	jwst_mcfost/runs/strict_continuum_refinement_v1/rt_tasks/t001_m2p00_a0p60_i0p05_w001	jwst_mcfost/runs/strict_continuum_refinement_v1/rt_tasks/t001_m2p00_a0p60_i0p05_w001/complete.json	refinement_v1_json	jwst_mcfost/runs/strict_continuum_refinement_v1/input_manifest.json	580b43d6d3e154ec5e6db508172fb753bb33c2b78ee5218ea3b6c997a4bdde10
92	9	m2p00_a0p60_q3p50_i0p05	2.00	0.60	3.50	2	w002	near_ir_short	43	1.4987957445436022	1.4987957445436022	NIRSpec	false	full_n2401	1	2401	2401	6000	2.4989587671803415	4.9582515221832172e-06	0.049460259569938873	jwst_mcfost/runs/strict_continuum_3d_q_v1/anchors/w002/strict_continuum_anchor.lambda	5e5ede487ce8e28395d8732fcd14cbdcf044a502bbc451f3e32a4d760288e0ce	41001	128000	strict_continuum_refinement_v1	m2p00_a0p60_i0p05	2	jwst_mcfost/runs/strict_continuum_refinement_v1/rt_tasks/t002_m2p00_a0p60_i0p05_w002	jwst_mcfost/runs/strict_continuum_refinement_v1/rt_tasks/t002_m2p00_a0p60_i0p05_w002/complete.json	refinement_v1_json	jwst_mcfost/runs/strict_continuum_refinement_v1/input_manifest.json	580b43d6d3e154ec5e6db508172fb753bb33c2b78ee5218ea3b6c997a4bdde10
93	9	m2p00_a0p60_q3p50_i0p05	2.00	0.60	3.50	3	w003	near_ir_rise	59	1.7588530996181813	1.7588530996181813	NIRSpec	false	full_n2401	1	2401	2401	6000	2.4989587671803415	4.9582515221832172e-06	0.058042152287399985	jwst_mcfost/runs/strict_continuum_3d_q_v1/anchors/w003/strict_continuum_anchor.lambda	6096fee96dea6c68611a03b186f6797670dfd3a73c98ffae6e4e90e535aa1aee	41001	128000	strict_continuum_refinement_v1	m2p00_a0p60_i0p05	3	jwst_mcfost/runs/strict_continuum_refinement_v1/rt_tasks/t003_m2p00_a0p60_i0p05_w003	jwst_mcfost/runs/strict_continuum_refinement_v1/rt_tasks/t003_m2p00_a0p60_i0p05_w003/complete.json	refinement_v1_json	jwst_mcfost/runs/strict_continuum_refinement_v1/input_manifest.json	580b43d6d3e154ec5e6db508172fb753bb33c2b78ee5218ea3b6c997a4bdde10
94	9	m2p00_a0p60_q3p50_i0p05	2.00	0.60	3.50	4	w004	near_ir_rise	81	2.1916659199557045	2.1916659199557045	NIRSpec	false	full_n2401	1	2401	2401	6000	2.4989587671803415	4.9582515221832172e-06	0.072324975358538254	jwst_mcfost/runs/strict_continuum_3d_q_v1/anchors/w004/strict_continuum_anchor.lambda	adcd8c330cb64fdf6cd13feaf0fe06ed6c9726df6e30e2a5ad9b3c488f684d87	41001	128000	strict_continuum_refinement_v1	m2p00_a0p60_i0p05	4	jwst_mcfost/runs/strict_continuum_refinement_v1/rt_tasks/t004_m2p00_a0p60_i0p05_w004	jwst_mcfost/runs/strict_continuum_refinement_v1/rt_tasks/t004_m2p00_a0p60_i0p05_w004/complete.json	refinement_v1_json	jwst_mcfost/runs/strict_continuum_refinement_v1/input_manifest.json	580b43d6d3e154ec5e6db508172fb753bb33c2b78ee5218ea3b6c997a4bdde10
95	9	m2p00_a0p60_q3p50_i0p05	2.00	0.60	3.50	5	w005	near_ir_rise	96	2.546352514425122	2.546352514425122	NIRSpec	true	full_n2401	1	2401	2401	6000	2.4989587671803415	4.9582515221832172e-06	0.084029632976029028	jwst_mcfost/runs/strict_continuum_3d_q_v1/anchors/w005/strict_continuum_anchor.lambda	91d915d166c5e6bb5cb007f0659a7d85b73c54677f8d267a3239a12d70dd3290	41001	128000	strict_continuum_refinement_v1	m2p00_a0p60_i0p05	5	jwst_mcfost/runs/strict_continuum_refinement_v1/rt_tasks/t005_m2p00_a0p60_i0p05_w005	jwst_mcfost/runs/strict_continuum_refinement_v1/rt_tasks/t005_m2p00_a0p60_i0p05_w005/complete.json	refinement_v1_json	jwst_mcfost/runs/strict_continuum_refinement_v1/input_manifest.json	580b43d6d3e154ec5e6db508172fb753bb33c2b78ee5218ea3b6c997a4bdde10
96	9	m2p00_a0p60_q3p50_i0p05	2.00	0.60	3.50	6	w006	window_3p9	139	3.9143995604061015	3.9143995604061015	NIRSpec	true	support_zoom_n2401	1.9975051980918284	2401	2401	3003.7468767198525	1.2510399319949406	2.4822220872915486e-06	0.12917518549340135	jwst_mcfost/runs/strict_continuum_3d_q_v1/anchors/w006/strict_continuum_anchor.lambda	3f9b717a21e711e16c54ebd68a2308d823da5c67f37df6ad2ddbe13da82b8010	41001	128000	strict_continuum_refinement_v1_support_v1	m2p00_a0p60_i0p05	2	jwst_mcfost/runs/strict_continuum_refinement_v1_support_v1/rt_tasks/t002_m2p00_a0p60_i0p05_w006	jwst_mcfost/runs/strict_continuum_refinement_v1_support_v1/rt_tasks/t002_m2p00_a0p60_i0p05_w006/complete.json	support_v1_json	jwst_mcfost/runs/strict_continuum_refinement_v1_support_v1/input_manifest.json	a281f4ef937067662f9a1dd76d583a09732dc11176c923b1e3eef164bc0c538a
97	9	m2p00_a0p60_q3p50_i0p05	2.00	0.60	3.50	7	w007	window_5p4	171	5.3906283153397085	5.3906283153397085	MIRI	false	support_zoom_n2401	1.9975051980918284	2401	2401	3003.7468767198525	1.2510399319949406	2.4822220872915486e-06	0.28389073440621038	jwst_mcfost/runs/strict_continuum_3d_q_v1/anchors/w007/strict_continuum_anchor.lambda	5f63ad070f3c845a8f617a8a81a0c499df4a74529835dbb910e3bc7165189b12	41001	128000	strict_continuum_refinement_v1_support_v1	m2p00_a0p60_i0p05	3	jwst_mcfost/runs/strict_continuum_refinement_v1_support_v1/rt_tasks/t003_m2p00_a0p60_i0p05_w007	jwst_mcfost/runs/strict_continuum_refinement_v1_support_v1/rt_tasks/t003_m2p00_a0p60_i0p05_w007/complete.json	support_v1_json	jwst_mcfost/runs/strict_continuum_refinement_v1_support_v1/input_manifest.json	a281f4ef937067662f9a1dd76d583a09732dc11176c923b1e3eef164bc0c538a
98	9	m2p00_a0p60_q3p50_i0p05	2.00	0.60	3.50	8	w008	window_13p8	265	13.799908320389276	13.799908320389276	MIRI	false	zoom_n1201	3.9933471945199667	1201	1201	1502.4989583259237	1.2510399319949406	2.4822220872915486e-06	0.5613969745728461	jwst_mcfost/runs/strict_continuum_3d_q_v1/anchors/w008/strict_continuum_anchor.lambda	5797e825e4c6cd5a59e2cc5a5e36940d0ba149f20340a55934be09f172095b37	41001	128000	strict_continuum_refinement_v1	m2p00_a0p60_i0p05	8	jwst_mcfost/runs/strict_continuum_refinement_v1/rt_tasks/t008_m2p00_a0p60_i0p05_w008	jwst_mcfost/runs/strict_continuum_refinement_v1/rt_tasks/t008_m2p00_a0p60_i0p05_w008/complete.json	refinement_v1_json	jwst_mcfost/runs/strict_continuum_refinement_v1/input_manifest.json	580b43d6d3e154ec5e6db508172fb753bb33c2b78ee5218ea3b6c997a4bdde10
99	9	m2p00_a0p60_q3p50_i0p05	2.00	0.60	3.50	9	w009	window_27p5	334	27.513091575690556	27.513091575690556	MIRI	false	zoom_n1201	3.9933471945199667	1201	1201	1502.4989583259237	1.2510399319949406	2.4822220872915486e-06	1.0139320219977885	jwst_mcfost/runs/strict_continuum_3d_q_v1/anchors/w009/strict_continuum_anchor.lambda	02feaf67a3a60f2699c2d37af292482df3aaf64119571c73370a59f2c2945f23	41001	128000	strict_continuum_refinement_v1	m2p00_a0p60_i0p05	9	jwst_mcfost/runs/strict_continuum_refinement_v1/rt_tasks/t009_m2p00_a0p60_i0p05_w009	jwst_mcfost/runs/strict_continuum_refinement_v1/rt_tasks/t009_m2p00_a0p60_i0p05_w009/complete.json	refinement_v1_json	jwst_mcfost/runs/strict_continuum_refinement_v1/input_manifest.json	580b43d6d3e154ec5e6db508172fb753bb33c2b78ee5218ea3b6c997a4bdde10
170	17	m2p25_a0p50_q3p50_i0p05	2.25	0.50	3.50	0	w000	near_ir_short	2	0.9946761707696127	0.9946761707696127	NIRSpec	false	full_n2401	1	2401	2401	6000	2.4989587671803415	4.9582515221832172e-06	0.032824313635397222	jwst_mcfost/runs/strict_continuum_3d_q_v1/anchors/w000/strict_continuum_anchor.lambda	958b10dda90471bb610395d7fe4ffc4a8c52cf9552775fb9f72f08df4d0897c3	41001	128000	strict_continuum_refinement_v1	m2p25_a0p50_i0p05	20	jwst_mcfost/runs/strict_continuum_refinement_v1/rt_tasks/t020_m2p25_a0p50_i0p05_w000	jwst_mcfost/runs/strict_continuum_refinement_v1/rt_tasks/t020_m2p25_a0p50_i0p05_w000/complete.json	refinement_v1_json	jwst_mcfost/runs/strict_continuum_refinement_v1/input_manifest.json	580b43d6d3e154ec5e6db508172fb753bb33c2b78ee5218ea3b6c997a4bdde10
171	17	m2p25_a0p50_q3p50_i0p05	2.25	0.50	3.50	1	w001	near_ir_short	21	1.2028117593024095	1.2028117593024095	NIRSpec	false	full_n2401	1	2401	2401	6000	2.4989587671803415	4.9582515221832172e-06	0.039692788056979511	jwst_mcfost/runs/strict_continuum_3d_q_v1/anchors/w001/strict_continuum_anchor.lambda	03eac41388c201eb0d3587e76e6cdbb0a254d084dea08a854af129f7798c686d	41001	128000	strict_continuum_refinement_v1	m2p25_a0p50_i0p05	21	jwst_mcfost/runs/strict_continuum_refinement_v1/rt_tasks/t021_m2p25_a0p50_i0p05_w001	jwst_mcfost/runs/strict_continuum_refinement_v1/rt_tasks/t021_m2p25_a0p50_i0p05_w001/complete.json	refinement_v1_json	jwst_mcfost/runs/strict_continuum_refinement_v1/input_manifest.json	580b43d6d3e154ec5e6db508172fb753bb33c2b78ee5218ea3b6c997a4bdde10
172	17	m2p25_a0p50_q3p50_i0p05	2.25	0.50	3.50	2	w002	near_ir_short	43	1.4987957445436022	1.4987957445436022	NIRSpec	false	full_n2401	1	2401	2401	6000	2.4989587671803415	4.9582515221832172e-06	0.049460259569938873	jwst_mcfost/runs/strict_continuum_3d_q_v1/anchors/w002/strict_continuum_anchor.lambda	5e5ede487ce8e28395d8732fcd14cbdcf044a502bbc451f3e32a4d760288e0ce	41001	128000	strict_continuum_refinement_v1	m2p25_a0p50_i0p05	22	jwst_mcfost/runs/strict_continuum_refinement_v1/rt_tasks/t022_m2p25_a0p50_i0p05_w002	jwst_mcfost/runs/strict_continuum_refinement_v1/rt_tasks/t022_m2p25_a0p50_i0p05_w002/complete.json	refinement_v1_json	jwst_mcfost/runs/strict_continuum_refinement_v1/input_manifest.json	580b43d6d3e154ec5e6db508172fb753bb33c2b78ee5218ea3b6c997a4bdde10
173	17	m2p25_a0p50_q3p50_i0p05	2.25	0.50	3.50	3	w003	near_ir_rise	59	1.7588530996181813	1.7588530996181813	NIRSpec	false	full_n2401	1	2401	2401	6000	2.4989587671803415	4.9582515221832172e-06	0.058042152287399985	jwst_mcfost/runs/strict_continuum_3d_q_v1/anchors/w003/strict_continuum_anchor.lambda	6096fee96dea6c68611a03b186f6797670dfd3a73c98ffae6e4e90e535aa1aee	41001	128000	strict_continuum_refinement_v1	m2p25_a0p50_i0p05	23	jwst_mcfost/runs/strict_continuum_refinement_v1/rt_tasks/t023_m2p25_a0p50_i0p05_w003	jwst_mcfost/runs/strict_continuum_refinement_v1/rt_tasks/t023_m2p25_a0p50_i0p05_w003/complete.json	refinement_v1_json	jwst_mcfost/runs/strict_continuum_refinement_v1/input_manifest.json	580b43d6d3e154ec5e6db508172fb753bb33c2b78ee5218ea3b6c997a4bdde10
174	17	m2p25_a0p50_q3p50_i0p05	2.25	0.50	3.50	4	w004	near_ir_rise	81	2.1916659199557045	2.1916659199557045	NIRSpec	false	full_n2401	1	2401	2401	6000	2.4989587671803415	4.9582515221832172e-06	0.072324975358538254	jwst_mcfost/runs/strict_continuum_3d_q_v1/anchors/w004/strict_continuum_anchor.lambda	adcd8c330cb64fdf6cd13feaf0fe06ed6c9726df6e30e2a5ad9b3c488f684d87	41001	128000	strict_continuum_refinement_v1	m2p25_a0p50_i0p05	24	jwst_mcfost/runs/strict_continuum_refinement_v1/rt_tasks/t024_m2p25_a0p50_i0p05_w004	jwst_mcfost/runs/strict_continuum_refinement_v1/rt_tasks/t024_m2p25_a0p50_i0p05_w004/complete.json	refinement_v1_json	jwst_mcfost/runs/strict_continuum_refinement_v1/input_manifest.json	580b43d6d3e154ec5e6db508172fb753bb33c2b78ee5218ea3b6c997a4bdde10
175	17	m2p25_a0p50_q3p50_i0p05	2.25	0.50	3.50	5	w005	near_ir_rise	96	2.546352514425122	2.546352514425122	NIRSpec	true	full_n2401	1	2401	2401	6000	2.4989587671803415	4.9582515221832172e-06	0.084029632976029028	jwst_mcfost/runs/strict_continuum_3d_q_v1/anchors/w005/strict_continuum_anchor.lambda	91d915d166c5e6bb5cb007f0659a7d85b73c54677f8d267a3239a12d70dd3290	41001	128000	strict_continuum_refinement_v1	m2p25_a0p50_i0p05	25	jwst_mcfost/runs/strict_continuum_refinement_v1/rt_tasks/t025_m2p25_a0p50_i0p05_w005	jwst_mcfost/runs/strict_continuum_refinement_v1/rt_tasks/t025_m2p25_a0p50_i0p05_w005/complete.json	refinement_v1_json	jwst_mcfost/runs/strict_continuum_refinement_v1/input_manifest.json	580b43d6d3e154ec5e6db508172fb753bb33c2b78ee5218ea3b6c997a4bdde10
176	17	m2p25_a0p50_q3p50_i0p05	2.25	0.50	3.50	6	w006	window_3p9	139	3.9143995604061015	3.9143995604061015	NIRSpec	true	support_zoom_n2401	1.9975051980918284	2401	2401	3003.7468767198525	1.2510399319949406	2.4822220872915486e-06	0.12917518549340135	jwst_mcfost/runs/strict_continuum_3d_q_v1/anchors/w006/strict_continuum_anchor.lambda	3f9b717a21e711e16c54ebd68a2308d823da5c67f37df6ad2ddbe13da82b8010	41001	128000	strict_continuum_refinement_v1_support_v1	m2p25_a0p50_i0p05	6	jwst_mcfost/runs/strict_continuum_refinement_v1_support_v1/rt_tasks/t006_m2p25_a0p50_i0p05_w006	jwst_mcfost/runs/strict_continuum_refinement_v1_support_v1/rt_tasks/t006_m2p25_a0p50_i0p05_w006/complete.json	support_v1_json	jwst_mcfost/runs/strict_continuum_refinement_v1_support_v1/input_manifest.json	a281f4ef937067662f9a1dd76d583a09732dc11176c923b1e3eef164bc0c538a
177	17	m2p25_a0p50_q3p50_i0p05	2.25	0.50	3.50	7	w007	window_5p4	171	5.3906283153397085	5.3906283153397085	MIRI	false	support_zoom_n2401	1.9975051980918284	2401	2401	3003.7468767198525	1.2510399319949406	2.4822220872915486e-06	0.28389073440621038	jwst_mcfost/runs/strict_continuum_3d_q_v1/anchors/w007/strict_continuum_anchor.lambda	5f63ad070f3c845a8f617a8a81a0c499df4a74529835dbb910e3bc7165189b12	41001	128000	strict_continuum_refinement_v1_support_v1	m2p25_a0p50_i0p05	7	jwst_mcfost/runs/strict_continuum_refinement_v1_support_v1/rt_tasks/t007_m2p25_a0p50_i0p05_w007	jwst_mcfost/runs/strict_continuum_refinement_v1_support_v1/rt_tasks/t007_m2p25_a0p50_i0p05_w007/complete.json	support_v1_json	jwst_mcfost/runs/strict_continuum_refinement_v1_support_v1/input_manifest.json	a281f4ef937067662f9a1dd76d583a09732dc11176c923b1e3eef164bc0c538a
178	17	m2p25_a0p50_q3p50_i0p05	2.25	0.50	3.50	8	w008	window_13p8	265	13.799908320389276	13.799908320389276	MIRI	false	zoom_n1201	3.9933471945199667	1201	1201	1502.4989583259237	1.2510399319949406	2.4822220872915486e-06	0.5613969745728461	jwst_mcfost/runs/strict_continuum_3d_q_v1/anchors/w008/strict_continuum_anchor.lambda	5797e825e4c6cd5a59e2cc5a5e36940d0ba149f20340a55934be09f172095b37	41001	128000	strict_continuum_refinement_v1	m2p25_a0p50_i0p05	28	jwst_mcfost/runs/strict_continuum_refinement_v1/rt_tasks/t028_m2p25_a0p50_i0p05_w008	jwst_mcfost/runs/strict_continuum_refinement_v1/rt_tasks/t028_m2p25_a0p50_i0p05_w008/complete.json	refinement_v1_json	jwst_mcfost/runs/strict_continuum_refinement_v1/input_manifest.json	580b43d6d3e154ec5e6db508172fb753bb33c2b78ee5218ea3b6c997a4bdde10
179	17	m2p25_a0p50_q3p50_i0p05	2.25	0.50	3.50	9	w009	window_27p5	334	27.513091575690556	27.513091575690556	MIRI	false	zoom_n1201	3.9933471945199667	1201	1201	1502.4989583259237	1.2510399319949406	2.4822220872915486e-06	1.0139320219977885	jwst_mcfost/runs/strict_continuum_3d_q_v1/anchors/w009/strict_continuum_anchor.lambda	02feaf67a3a60f2699c2d37af292482df3aaf64119571c73370a59f2c2945f23	41001	128000	strict_continuum_refinement_v1	m2p25_a0p50_i0p05	29	jwst_mcfost/runs/strict_continuum_refinement_v1/rt_tasks/t029_m2p25_a0p50_i0p05_w009	jwst_mcfost/runs/strict_continuum_refinement_v1/rt_tasks/t029_m2p25_a0p50_i0p05_w009/complete.json	refinement_v1_json	jwst_mcfost/runs/strict_continuum_refinement_v1/input_manifest.json	580b43d6d3e154ec5e6db508172fb753bb33c2b78ee5218ea3b6c997a4bdde10
210	21	m2p25_a0p60_q3p50_i0p05	2.25	0.60	3.50	0	w000	near_ir_short	2	0.9946761707696127	0.9946761707696127	NIRSpec	false	full_n2401	1	2401	2401	6000	2.4989587671803415	4.9582515221832172e-06	0.032824313635397222	jwst_mcfost/runs/strict_continuum_3d_q_v1/anchors/w000/strict_continuum_anchor.lambda	958b10dda90471bb610395d7fe4ffc4a8c52cf9552775fb9f72f08df4d0897c3	41001	128000	strict_continuum_refinement_v1	m2p25_a0p60_i0p05	30	jwst_mcfost/runs/strict_continuum_refinement_v1/rt_tasks/t030_m2p25_a0p60_i0p05_w000	jwst_mcfost/runs/strict_continuum_refinement_v1/rt_tasks/t030_m2p25_a0p60_i0p05_w000/complete.json	refinement_v1_json	jwst_mcfost/runs/strict_continuum_refinement_v1/input_manifest.json	580b43d6d3e154ec5e6db508172fb753bb33c2b78ee5218ea3b6c997a4bdde10
211	21	m2p25_a0p60_q3p50_i0p05	2.25	0.60	3.50	1	w001	near_ir_short	21	1.2028117593024095	1.2028117593024095	NIRSpec	false	full_n2401	1	2401	2401	6000	2.4989587671803415	4.9582515221832172e-06	0.039692788056979511	jwst_mcfost/runs/strict_continuum_3d_q_v1/anchors/w001/strict_continuum_anchor.lambda	03eac41388c201eb0d3587e76e6cdbb0a254d084dea08a854af129f7798c686d	41001	128000	strict_continuum_refinement_v1	m2p25_a0p60_i0p05	31	jwst_mcfost/runs/strict_continuum_refinement_v1/rt_tasks/t031_m2p25_a0p60_i0p05_w001	jwst_mcfost/runs/strict_continuum_refinement_v1/rt_tasks/t031_m2p25_a0p60_i0p05_w001/complete.json	refinement_v1_json	jwst_mcfost/runs/strict_continuum_refinement_v1/input_manifest.json	580b43d6d3e154ec5e6db508172fb753bb33c2b78ee5218ea3b6c997a4bdde10
212	21	m2p25_a0p60_q3p50_i0p05	2.25	0.60	3.50	2	w002	near_ir_short	43	1.4987957445436022	1.4987957445436022	NIRSpec	false	full_n2401	1	2401	2401	6000	2.4989587671803415	4.9582515221832172e-06	0.049460259569938873	jwst_mcfost/runs/strict_continuum_3d_q_v1/anchors/w002/strict_continuum_anchor.lambda	5e5ede487ce8e28395d8732fcd14cbdcf044a502bbc451f3e32a4d760288e0ce	41001	128000	strict_continuum_refinement_v1	m2p25_a0p60_i0p05	32	jwst_mcfost/runs/strict_continuum_refinement_v1/rt_tasks/t032_m2p25_a0p60_i0p05_w002	jwst_mcfost/runs/strict_continuum_refinement_v1/rt_tasks/t032_m2p25_a0p60_i0p05_w002/complete.json	refinement_v1_json	jwst_mcfost/runs/strict_continuum_refinement_v1/input_manifest.json	580b43d6d3e154ec5e6db508172fb753bb33c2b78ee5218ea3b6c997a4bdde10
213	21	m2p25_a0p60_q3p50_i0p05	2.25	0.60	3.50	3	w003	near_ir_rise	59	1.7588530996181813	1.7588530996181813	NIRSpec	false	full_n2401	1	2401	2401	6000	2.4989587671803415	4.9582515221832172e-06	0.058042152287399985	jwst_mcfost/runs/strict_continuum_3d_q_v1/anchors/w003/strict_continuum_anchor.lambda	6096fee96dea6c68611a03b186f6797670dfd3a73c98ffae6e4e90e535aa1aee	41001	128000	strict_continuum_refinement_v1	m2p25_a0p60_i0p05	33	jwst_mcfost/runs/strict_continuum_refinement_v1/rt_tasks/t033_m2p25_a0p60_i0p05_w003	jwst_mcfost/runs/strict_continuum_refinement_v1/rt_tasks/t033_m2p25_a0p60_i0p05_w003/complete.json	refinement_v1_json	jwst_mcfost/runs/strict_continuum_refinement_v1/input_manifest.json	580b43d6d3e154ec5e6db508172fb753bb33c2b78ee5218ea3b6c997a4bdde10
214	21	m2p25_a0p60_q3p50_i0p05	2.25	0.60	3.50	4	w004	near_ir_rise	81	2.1916659199557045	2.1916659199557045	NIRSpec	false	full_n2401	1	2401	2401	6000	2.4989587671803415	4.9582515221832172e-06	0.072324975358538254	jwst_mcfost/runs/strict_continuum_3d_q_v1/anchors/w004/strict_continuum_anchor.lambda	adcd8c330cb64fdf6cd13feaf0fe06ed6c9726df6e30e2a5ad9b3c488f684d87	41001	128000	strict_continuum_refinement_v1	m2p25_a0p60_i0p05	34	jwst_mcfost/runs/strict_continuum_refinement_v1/rt_tasks/t034_m2p25_a0p60_i0p05_w004	jwst_mcfost/runs/strict_continuum_refinement_v1/rt_tasks/t034_m2p25_a0p60_i0p05_w004/complete.json	refinement_v1_json	jwst_mcfost/runs/strict_continuum_refinement_v1/input_manifest.json	580b43d6d3e154ec5e6db508172fb753bb33c2b78ee5218ea3b6c997a4bdde10
215	21	m2p25_a0p60_q3p50_i0p05	2.25	0.60	3.50	5	w005	near_ir_rise	96	2.546352514425122	2.546352514425122	NIRSpec	true	full_n2401	1	2401	2401	6000	2.4989587671803415	4.9582515221832172e-06	0.084029632976029028	jwst_mcfost/runs/strict_continuum_3d_q_v1/anchors/w005/strict_continuum_anchor.lambda	91d915d166c5e6bb5cb007f0659a7d85b73c54677f8d267a3239a12d70dd3290	41001	128000	strict_continuum_refinement_v1	m2p25_a0p60_i0p05	35	jwst_mcfost/runs/strict_continuum_refinement_v1/rt_tasks/t035_m2p25_a0p60_i0p05_w005	jwst_mcfost/runs/strict_continuum_refinement_v1/rt_tasks/t035_m2p25_a0p60_i0p05_w005/complete.json	refinement_v1_json	jwst_mcfost/runs/strict_continuum_refinement_v1/input_manifest.json	580b43d6d3e154ec5e6db508172fb753bb33c2b78ee5218ea3b6c997a4bdde10
216	21	m2p25_a0p60_q3p50_i0p05	2.25	0.60	3.50	6	w006	window_3p9	139	3.9143995604061015	3.9143995604061015	NIRSpec	true	support_zoom_n2401	1.9975051980918284	2401	2401	3003.7468767198525	1.2510399319949406	2.4822220872915486e-06	0.12917518549340135	jwst_mcfost/runs/strict_continuum_3d_q_v1/anchors/w006/strict_continuum_anchor.lambda	3f9b717a21e711e16c54ebd68a2308d823da5c67f37df6ad2ddbe13da82b8010	41001	128000	strict_continuum_refinement_v1_support_v1	m2p25_a0p60_i0p05	8	jwst_mcfost/runs/strict_continuum_refinement_v1_support_v1/rt_tasks/t008_m2p25_a0p60_i0p05_w006	jwst_mcfost/runs/strict_continuum_refinement_v1_support_v1/rt_tasks/t008_m2p25_a0p60_i0p05_w006/complete.json	support_v1_json	jwst_mcfost/runs/strict_continuum_refinement_v1_support_v1/input_manifest.json	a281f4ef937067662f9a1dd76d583a09732dc11176c923b1e3eef164bc0c538a
217	21	m2p25_a0p60_q3p50_i0p05	2.25	0.60	3.50	7	w007	window_5p4	171	5.3906283153397085	5.3906283153397085	MIRI	false	support_zoom_n2401	1.9975051980918284	2401	2401	3003.7468767198525	1.2510399319949406	2.4822220872915486e-06	0.28389073440621038	jwst_mcfost/runs/strict_continuum_3d_q_v1/anchors/w007/strict_continuum_anchor.lambda	5f63ad070f3c845a8f617a8a81a0c499df4a74529835dbb910e3bc7165189b12	41001	128000	strict_continuum_refinement_v1_support_v1	m2p25_a0p60_i0p05	9	jwst_mcfost/runs/strict_continuum_refinement_v1_support_v1/rt_tasks/t009_m2p25_a0p60_i0p05_w007	jwst_mcfost/runs/strict_continuum_refinement_v1_support_v1/rt_tasks/t009_m2p25_a0p60_i0p05_w007/complete.json	support_v1_json	jwst_mcfost/runs/strict_continuum_refinement_v1_support_v1/input_manifest.json	a281f4ef937067662f9a1dd76d583a09732dc11176c923b1e3eef164bc0c538a
218	21	m2p25_a0p60_q3p50_i0p05	2.25	0.60	3.50	8	w008	window_13p8	265	13.799908320389276	13.799908320389276	MIRI	false	zoom_n1201	3.9933471945199667	1201	1201	1502.4989583259237	1.2510399319949406	2.4822220872915486e-06	0.5613969745728461	jwst_mcfost/runs/strict_continuum_3d_q_v1/anchors/w008/strict_continuum_anchor.lambda	5797e825e4c6cd5a59e2cc5a5e36940d0ba149f20340a55934be09f172095b37	41001	128000	strict_continuum_refinement_v1	m2p25_a0p60_i0p05	38	jwst_mcfost/runs/strict_continuum_refinement_v1/rt_tasks/t038_m2p25_a0p60_i0p05_w008	jwst_mcfost/runs/strict_continuum_refinement_v1/rt_tasks/t038_m2p25_a0p60_i0p05_w008/complete.json	refinement_v1_json	jwst_mcfost/runs/strict_continuum_refinement_v1/input_manifest.json	580b43d6d3e154ec5e6db508172fb753bb33c2b78ee5218ea3b6c997a4bdde10
219	21	m2p25_a0p60_q3p50_i0p05	2.25	0.60	3.50	9	w009	window_27p5	334	27.513091575690556	27.513091575690556	MIRI	false	zoom_n1201	3.9933471945199667	1201	1201	1502.4989583259237	1.2510399319949406	2.4822220872915486e-06	1.0139320219977885	jwst_mcfost/runs/strict_continuum_3d_q_v1/anchors/w009/strict_continuum_anchor.lambda	02feaf67a3a60f2699c2d37af292482df3aaf64119571c73370a59f2c2945f23	41001	128000	strict_continuum_refinement_v1	m2p25_a0p60_i0p05	39	jwst_mcfost/runs/strict_continuum_refinement_v1/rt_tasks/t039_m2p25_a0p60_i0p05_w009	jwst_mcfost/runs/strict_continuum_refinement_v1/rt_tasks/t039_m2p25_a0p60_i0p05_w009/complete.json	refinement_v1_json	jwst_mcfost/runs/strict_continuum_refinement_v1/input_manifest.json	580b43d6d3e154ec5e6db508172fb753bb33c2b78ee5218ea3b6c997a4bdde10
290	29	m2p50_a0p50_q3p50_i0p05	2.50	0.50	3.50	0	w000	near_ir_short	2	0.9946761707696127	0.9946761707696127	NIRSpec	false	full_n2401	1	2401	2401	6000	2.4989587671803415	4.9582515221832172e-06	0.032824313635397222	jwst_mcfost/runs/strict_continuum_3d_q_v1/anchors/w000/strict_continuum_anchor.lambda	958b10dda90471bb610395d7fe4ffc4a8c52cf9552775fb9f72f08df4d0897c3	41001	128000	strict_continuum_refinement_v1	m2p50_a0p50_i0p05	50	jwst_mcfost/runs/strict_continuum_refinement_v1/rt_tasks/t050_m2p50_a0p50_i0p05_w000	jwst_mcfost/runs/strict_continuum_refinement_v1/rt_tasks/t050_m2p50_a0p50_i0p05_w000/complete.json	refinement_v1_json	jwst_mcfost/runs/strict_continuum_refinement_v1/input_manifest.json	580b43d6d3e154ec5e6db508172fb753bb33c2b78ee5218ea3b6c997a4bdde10
291	29	m2p50_a0p50_q3p50_i0p05	2.50	0.50	3.50	1	w001	near_ir_short	21	1.2028117593024095	1.2028117593024095	NIRSpec	false	full_n2401	1	2401	2401	6000	2.4989587671803415	4.9582515221832172e-06	0.039692788056979511	jwst_mcfost/runs/strict_continuum_3d_q_v1/anchors/w001/strict_continuum_anchor.lambda	03eac41388c201eb0d3587e76e6cdbb0a254d084dea08a854af129f7798c686d	41001	128000	strict_continuum_refinement_v1	m2p50_a0p50_i0p05	51	jwst_mcfost/runs/strict_continuum_refinement_v1/rt_tasks/t051_m2p50_a0p50_i0p05_w001	jwst_mcfost/runs/strict_continuum_refinement_v1/rt_tasks/t051_m2p50_a0p50_i0p05_w001/complete.json	refinement_v1_json	jwst_mcfost/runs/strict_continuum_refinement_v1/input_manifest.json	580b43d6d3e154ec5e6db508172fb753bb33c2b78ee5218ea3b6c997a4bdde10
292	29	m2p50_a0p50_q3p50_i0p05	2.50	0.50	3.50	2	w002	near_ir_short	43	1.4987957445436022	1.4987957445436022	NIRSpec	false	full_n2401	1	2401	2401	6000	2.4989587671803415	4.9582515221832172e-06	0.049460259569938873	jwst_mcfost/runs/strict_continuum_3d_q_v1/anchors/w002/strict_continuum_anchor.lambda	5e5ede487ce8e28395d8732fcd14cbdcf044a502bbc451f3e32a4d760288e0ce	41001	128000	strict_continuum_refinement_v1	m2p50_a0p50_i0p05	52	jwst_mcfost/runs/strict_continuum_refinement_v1/rt_tasks/t052_m2p50_a0p50_i0p05_w002	jwst_mcfost/runs/strict_continuum_refinement_v1/rt_tasks/t052_m2p50_a0p50_i0p05_w002/complete.json	refinement_v1_json	jwst_mcfost/runs/strict_continuum_refinement_v1/input_manifest.json	580b43d6d3e154ec5e6db508172fb753bb33c2b78ee5218ea3b6c997a4bdde10
293	29	m2p50_a0p50_q3p50_i0p05	2.50	0.50	3.50	3	w003	near_ir_rise	59	1.7588530996181813	1.7588530996181813	NIRSpec	false	full_n2401	1	2401	2401	6000	2.4989587671803415	4.9582515221832172e-06	0.058042152287399985	jwst_mcfost/runs/strict_continuum_3d_q_v1/anchors/w003/strict_continuum_anchor.lambda	6096fee96dea6c68611a03b186f6797670dfd3a73c98ffae6e4e90e535aa1aee	41001	128000	strict_continuum_refinement_v1	m2p50_a0p50_i0p05	53	jwst_mcfost/runs/strict_continuum_refinement_v1/rt_tasks/t053_m2p50_a0p50_i0p05_w003	jwst_mcfost/runs/strict_continuum_refinement_v1/rt_tasks/t053_m2p50_a0p50_i0p05_w003/complete.json	refinement_v1_json	jwst_mcfost/runs/strict_continuum_refinement_v1/input_manifest.json	580b43d6d3e154ec5e6db508172fb753bb33c2b78ee5218ea3b6c997a4bdde10
294	29	m2p50_a0p50_q3p50_i0p05	2.50	0.50	3.50	4	w004	near_ir_rise	81	2.1916659199557045	2.1916659199557045	NIRSpec	false	full_n2401	1	2401	2401	6000	2.4989587671803415	4.9582515221832172e-06	0.072324975358538254	jwst_mcfost/runs/strict_continuum_3d_q_v1/anchors/w004/strict_continuum_anchor.lambda	adcd8c330cb64fdf6cd13feaf0fe06ed6c9726df6e30e2a5ad9b3c488f684d87	41001	128000	strict_continuum_refinement_v1	m2p50_a0p50_i0p05	54	jwst_mcfost/runs/strict_continuum_refinement_v1/rt_tasks/t054_m2p50_a0p50_i0p05_w004	jwst_mcfost/runs/strict_continuum_refinement_v1/rt_tasks/t054_m2p50_a0p50_i0p05_w004/complete.json	refinement_v1_json	jwst_mcfost/runs/strict_continuum_refinement_v1/input_manifest.json	580b43d6d3e154ec5e6db508172fb753bb33c2b78ee5218ea3b6c997a4bdde10
295	29	m2p50_a0p50_q3p50_i0p05	2.50	0.50	3.50	5	w005	near_ir_rise	96	2.546352514425122	2.546352514425122	NIRSpec	true	full_n2401	1	2401	2401	6000	2.4989587671803415	4.9582515221832172e-06	0.084029632976029028	jwst_mcfost/runs/strict_continuum_3d_q_v1/anchors/w005/strict_continuum_anchor.lambda	91d915d166c5e6bb5cb007f0659a7d85b73c54677f8d267a3239a12d70dd3290	41001	128000	strict_continuum_refinement_v1	m2p50_a0p50_i0p05	55	jwst_mcfost/runs/strict_continuum_refinement_v1/rt_tasks/t055_m2p50_a0p50_i0p05_w005	jwst_mcfost/runs/strict_continuum_refinement_v1/rt_tasks/t055_m2p50_a0p50_i0p05_w005/complete.json	refinement_v1_json	jwst_mcfost/runs/strict_continuum_refinement_v1/input_manifest.json	580b43d6d3e154ec5e6db508172fb753bb33c2b78ee5218ea3b6c997a4bdde10
296	29	m2p50_a0p50_q3p50_i0p05	2.50	0.50	3.50	6	w006	window_3p9	139	3.9143995604061015	3.9143995604061015	NIRSpec	true	support_zoom_n2401	1.9975051980918284	2401	2401	3003.7468767198525	1.2510399319949406	2.4822220872915486e-06	0.12917518549340135	jwst_mcfost/runs/strict_continuum_3d_q_v1/anchors/w006/strict_continuum_anchor.lambda	3f9b717a21e711e16c54ebd68a2308d823da5c67f37df6ad2ddbe13da82b8010	41001	128000	strict_continuum_refinement_v1_support_v1	m2p50_a0p50_i0p05	12	jwst_mcfost/runs/strict_continuum_refinement_v1_support_v1/rt_tasks/t012_m2p50_a0p50_i0p05_w006	jwst_mcfost/runs/strict_continuum_refinement_v1_support_v1/rt_tasks/t012_m2p50_a0p50_i0p05_w006/complete.json	support_v1_json	jwst_mcfost/runs/strict_continuum_refinement_v1_support_v1/input_manifest.json	a281f4ef937067662f9a1dd76d583a09732dc11176c923b1e3eef164bc0c538a
297	29	m2p50_a0p50_q3p50_i0p05	2.50	0.50	3.50	7	w007	window_5p4	171	5.3906283153397085	5.3906283153397085	MIRI	false	support_zoom_n2401	1.9975051980918284	2401	2401	3003.7468767198525	1.2510399319949406	2.4822220872915486e-06	0.28389073440621038	jwst_mcfost/runs/strict_continuum_3d_q_v1/anchors/w007/strict_continuum_anchor.lambda	5f63ad070f3c845a8f617a8a81a0c499df4a74529835dbb910e3bc7165189b12	41001	128000	strict_continuum_refinement_v1_support_v1	m2p50_a0p50_i0p05	13	jwst_mcfost/runs/strict_continuum_refinement_v1_support_v1/rt_tasks/t013_m2p50_a0p50_i0p05_w007	jwst_mcfost/runs/strict_continuum_refinement_v1_support_v1/rt_tasks/t013_m2p50_a0p50_i0p05_w007/complete.json	support_v1_json	jwst_mcfost/runs/strict_continuum_refinement_v1_support_v1/input_manifest.json	a281f4ef937067662f9a1dd76d583a09732dc11176c923b1e3eef164bc0c538a
298	29	m2p50_a0p50_q3p50_i0p05	2.50	0.50	3.50	8	w008	window_13p8	265	13.799908320389276	13.799908320389276	MIRI	false	zoom_n1201	3.9933471945199667	1201	1201	1502.4989583259237	1.2510399319949406	2.4822220872915486e-06	0.5613969745728461	jwst_mcfost/runs/strict_continuum_3d_q_v1/anchors/w008/strict_continuum_anchor.lambda	5797e825e4c6cd5a59e2cc5a5e36940d0ba149f20340a55934be09f172095b37	41001	128000	strict_continuum_refinement_v1	m2p50_a0p50_i0p05	58	jwst_mcfost/runs/strict_continuum_refinement_v1/rt_tasks/t058_m2p50_a0p50_i0p05_w008	jwst_mcfost/runs/strict_continuum_refinement_v1/rt_tasks/t058_m2p50_a0p50_i0p05_w008/complete.json	refinement_v1_json	jwst_mcfost/runs/strict_continuum_refinement_v1/input_manifest.json	580b43d6d3e154ec5e6db508172fb753bb33c2b78ee5218ea3b6c997a4bdde10
299	29	m2p50_a0p50_q3p50_i0p05	2.50	0.50	3.50	9	w009	window_27p5	334	27.513091575690556	27.513091575690556	MIRI	false	zoom_n1201	3.9933471945199667	1201	1201	1502.4989583259237	1.2510399319949406	2.4822220872915486e-06	1.0139320219977885	jwst_mcfost/runs/strict_continuum_3d_q_v1/anchors/w009/strict_continuum_anchor.lambda	02feaf67a3a60f2699c2d37af292482df3aaf64119571c73370a59f2c2945f23	41001	128000	strict_continuum_refinement_v1	m2p50_a0p50_i0p05	59	jwst_mcfost/runs/strict_continuum_refinement_v1/rt_tasks/t059_m2p50_a0p50_i0p05_w009	jwst_mcfost/runs/strict_continuum_refinement_v1/rt_tasks/t059_m2p50_a0p50_i0p05_w009/complete.json	refinement_v1_json	jwst_mcfost/runs/strict_continuum_refinement_v1/input_manifest.json	580b43d6d3e154ec5e6db508172fb753bb33c2b78ee5218ea3b6c997a4bdde10
330	33	m2p50_a0p60_q3p50_i0p05	2.50	0.60	3.50	0	w000	near_ir_short	2	0.9946761707696127	0.9946761707696127	NIRSpec	false	full_n2401	1	2401	2401	6000	2.4989587671803415	4.9582515221832172e-06	0.032824313635397222	jwst_mcfost/runs/strict_continuum_3d_q_v1/anchors/w000/strict_continuum_anchor.lambda	958b10dda90471bb610395d7fe4ffc4a8c52cf9552775fb9f72f08df4d0897c3	41001	128000	strict_continuum_refinement_v1	m2p50_a0p60_i0p05	60	jwst_mcfost/runs/strict_continuum_refinement_v1/rt_tasks/t060_m2p50_a0p60_i0p05_w000	jwst_mcfost/runs/strict_continuum_refinement_v1/rt_tasks/t060_m2p50_a0p60_i0p05_w000/complete.json	refinement_v1_json	jwst_mcfost/runs/strict_continuum_refinement_v1/input_manifest.json	580b43d6d3e154ec5e6db508172fb753bb33c2b78ee5218ea3b6c997a4bdde10
331	33	m2p50_a0p60_q3p50_i0p05	2.50	0.60	3.50	1	w001	near_ir_short	21	1.2028117593024095	1.2028117593024095	NIRSpec	false	full_n2401	1	2401	2401	6000	2.4989587671803415	4.9582515221832172e-06	0.039692788056979511	jwst_mcfost/runs/strict_continuum_3d_q_v1/anchors/w001/strict_continuum_anchor.lambda	03eac41388c201eb0d3587e76e6cdbb0a254d084dea08a854af129f7798c686d	41001	128000	strict_continuum_refinement_v1	m2p50_a0p60_i0p05	61	jwst_mcfost/runs/strict_continuum_refinement_v1/rt_tasks/t061_m2p50_a0p60_i0p05_w001	jwst_mcfost/runs/strict_continuum_refinement_v1/rt_tasks/t061_m2p50_a0p60_i0p05_w001/complete.json	refinement_v1_json	jwst_mcfost/runs/strict_continuum_refinement_v1/input_manifest.json	580b43d6d3e154ec5e6db508172fb753bb33c2b78ee5218ea3b6c997a4bdde10
332	33	m2p50_a0p60_q3p50_i0p05	2.50	0.60	3.50	2	w002	near_ir_short	43	1.4987957445436022	1.4987957445436022	NIRSpec	false	full_n2401	1	2401	2401	6000	2.4989587671803415	4.9582515221832172e-06	0.049460259569938873	jwst_mcfost/runs/strict_continuum_3d_q_v1/anchors/w002/strict_continuum_anchor.lambda	5e5ede487ce8e28395d8732fcd14cbdcf044a502bbc451f3e32a4d760288e0ce	41001	128000	strict_continuum_refinement_v1	m2p50_a0p60_i0p05	62	jwst_mcfost/runs/strict_continuum_refinement_v1/rt_tasks/t062_m2p50_a0p60_i0p05_w002	jwst_mcfost/runs/strict_continuum_refinement_v1/rt_tasks/t062_m2p50_a0p60_i0p05_w002/complete.json	refinement_v1_json	jwst_mcfost/runs/strict_continuum_refinement_v1/input_manifest.json	580b43d6d3e154ec5e6db508172fb753bb33c2b78ee5218ea3b6c997a4bdde10
333	33	m2p50_a0p60_q3p50_i0p05	2.50	0.60	3.50	3	w003	near_ir_rise	59	1.7588530996181813	1.7588530996181813	NIRSpec	false	full_n2401	1	2401	2401	6000	2.4989587671803415	4.9582515221832172e-06	0.058042152287399985	jwst_mcfost/runs/strict_continuum_3d_q_v1/anchors/w003/strict_continuum_anchor.lambda	6096fee96dea6c68611a03b186f6797670dfd3a73c98ffae6e4e90e535aa1aee	41001	128000	strict_continuum_refinement_v1	m2p50_a0p60_i0p05	63	jwst_mcfost/runs/strict_continuum_refinement_v1/rt_tasks/t063_m2p50_a0p60_i0p05_w003	jwst_mcfost/runs/strict_continuum_refinement_v1/rt_tasks/t063_m2p50_a0p60_i0p05_w003/complete.json	refinement_v1_json	jwst_mcfost/runs/strict_continuum_refinement_v1/input_manifest.json	580b43d6d3e154ec5e6db508172fb753bb33c2b78ee5218ea3b6c997a4bdde10
334	33	m2p50_a0p60_q3p50_i0p05	2.50	0.60	3.50	4	w004	near_ir_rise	81	2.1916659199557045	2.1916659199557045	NIRSpec	false	full_n2401	1	2401	2401	6000	2.4989587671803415	4.9582515221832172e-06	0.072324975358538254	jwst_mcfost/runs/strict_continuum_3d_q_v1/anchors/w004/strict_continuum_anchor.lambda	adcd8c330cb64fdf6cd13feaf0fe06ed6c9726df6e30e2a5ad9b3c488f684d87	41001	128000	strict_continuum_refinement_v1	m2p50_a0p60_i0p05	64	jwst_mcfost/runs/strict_continuum_refinement_v1/rt_tasks/t064_m2p50_a0p60_i0p05_w004	jwst_mcfost/runs/strict_continuum_refinement_v1/rt_tasks/t064_m2p50_a0p60_i0p05_w004/complete.json	refinement_v1_json	jwst_mcfost/runs/strict_continuum_refinement_v1/input_manifest.json	580b43d6d3e154ec5e6db508172fb753bb33c2b78ee5218ea3b6c997a4bdde10
335	33	m2p50_a0p60_q3p50_i0p05	2.50	0.60	3.50	5	w005	near_ir_rise	96	2.546352514425122	2.546352514425122	NIRSpec	true	full_n2401	1	2401	2401	6000	2.4989587671803415	4.9582515221832172e-06	0.084029632976029028	jwst_mcfost/runs/strict_continuum_3d_q_v1/anchors/w005/strict_continuum_anchor.lambda	91d915d166c5e6bb5cb007f0659a7d85b73c54677f8d267a3239a12d70dd3290	41001	128000	strict_continuum_refinement_v1	m2p50_a0p60_i0p05	65	jwst_mcfost/runs/strict_continuum_refinement_v1/rt_tasks/t065_m2p50_a0p60_i0p05_w005	jwst_mcfost/runs/strict_continuum_refinement_v1/rt_tasks/t065_m2p50_a0p60_i0p05_w005/complete.json	refinement_v1_json	jwst_mcfost/runs/strict_continuum_refinement_v1/input_manifest.json	580b43d6d3e154ec5e6db508172fb753bb33c2b78ee5218ea3b6c997a4bdde10
336	33	m2p50_a0p60_q3p50_i0p05	2.50	0.60	3.50	6	w006	window_3p9	139	3.9143995604061015	3.9143995604061015	NIRSpec	true	support_zoom_n2401	1.9975051980918284	2401	2401	3003.7468767198525	1.2510399319949406	2.4822220872915486e-06	0.12917518549340135	jwst_mcfost/runs/strict_continuum_3d_q_v1/anchors/w006/strict_continuum_anchor.lambda	3f9b717a21e711e16c54ebd68a2308d823da5c67f37df6ad2ddbe13da82b8010	41001	128000	strict_continuum_refinement_v1_support_v1	m2p50_a0p60_i0p05	14	jwst_mcfost/runs/strict_continuum_refinement_v1_support_v1/rt_tasks/t014_m2p50_a0p60_i0p05_w006	jwst_mcfost/runs/strict_continuum_refinement_v1_support_v1/rt_tasks/t014_m2p50_a0p60_i0p05_w006/complete.json	support_v1_json	jwst_mcfost/runs/strict_continuum_refinement_v1_support_v1/input_manifest.json	a281f4ef937067662f9a1dd76d583a09732dc11176c923b1e3eef164bc0c538a
337	33	m2p50_a0p60_q3p50_i0p05	2.50	0.60	3.50	7	w007	window_5p4	171	5.3906283153397085	5.3906283153397085	MIRI	false	support_zoom_n2401	1.9975051980918284	2401	2401	3003.7468767198525	1.2510399319949406	2.4822220872915486e-06	0.28389073440621038	jwst_mcfost/runs/strict_continuum_3d_q_v1/anchors/w007/strict_continuum_anchor.lambda	5f63ad070f3c845a8f617a8a81a0c499df4a74529835dbb910e3bc7165189b12	41001	128000	strict_continuum_refinement_v1_support_v1	m2p50_a0p60_i0p05	15	jwst_mcfost/runs/strict_continuum_refinement_v1_support_v1/rt_tasks/t015_m2p50_a0p60_i0p05_w007	jwst_mcfost/runs/strict_continuum_refinement_v1_support_v1/rt_tasks/t015_m2p50_a0p60_i0p05_w007/complete.json	support_v1_json	jwst_mcfost/runs/strict_continuum_refinement_v1_support_v1/input_manifest.json	a281f4ef937067662f9a1dd76d583a09732dc11176c923b1e3eef164bc0c538a
338	33	m2p50_a0p60_q3p50_i0p05	2.50	0.60	3.50	8	w008	window_13p8	265	13.799908320389276	13.799908320389276	MIRI	false	zoom_n1201	3.9933471945199667	1201	1201	1502.4989583259237	1.2510399319949406	2.4822220872915486e-06	0.5613969745728461	jwst_mcfost/runs/strict_continuum_3d_q_v1/anchors/w008/strict_continuum_anchor.lambda	5797e825e4c6cd5a59e2cc5a5e36940d0ba149f20340a55934be09f172095b37	41001	128000	strict_continuum_refinement_v1	m2p50_a0p60_i0p05	68	jwst_mcfost/runs/strict_continuum_refinement_v1/rt_tasks/t068_m2p50_a0p60_i0p05_w008	jwst_mcfost/runs/strict_continuum_refinement_v1/rt_tasks/t068_m2p50_a0p60_i0p05_w008/complete.json	refinement_v1_json	jwst_mcfost/runs/strict_continuum_refinement_v1/input_manifest.json	580b43d6d3e154ec5e6db508172fb753bb33c2b78ee5218ea3b6c997a4bdde10
339	33	m2p50_a0p60_q3p50_i0p05	2.50	0.60	3.50	9	w009	window_27p5	334	27.513091575690556	27.513091575690556	MIRI	false	zoom_n1201	3.9933471945199667	1201	1201	1502.4989583259237	1.2510399319949406	2.4822220872915486e-06	1.0139320219977885	jwst_mcfost/runs/strict_continuum_3d_q_v1/anchors/w009/strict_continuum_anchor.lambda	02feaf67a3a60f2699c2d37af292482df3aaf64119571c73370a59f2c2945f23	41001	128000	strict_continuum_refinement_v1	m2p50_a0p60_i0p05	69	jwst_mcfost/runs/strict_continuum_refinement_v1/rt_tasks/t069_m2p50_a0p60_i0p05_w009	jwst_mcfost/runs/strict_continuum_refinement_v1/rt_tasks/t069_m2p50_a0p60_i0p05_w009/complete.json	refinement_v1_json	jwst_mcfost/runs/strict_continuum_refinement_v1/input_manifest.json	580b43d6d3e154ec5e6db508172fb753bb33c2b78ee5218ea3b6c997a4bdde10
