task_index	fresh_model_index	grid_model_index	model_label	mass_factor	envelope_amax_um	envelope_size_exponent	parameter	parameter_sha256	task_workdir
0	0	0	m2p00_a0p40_q3p25_i0p05	2.00	0.40	3.25	jwst_mcfost/runs/strict_continuum_3d_q_v1/models/m2p00_a0p40_q3p25_i0p05/disk_envelope_m2p00_a0p40_q3p25_i0p05_temperature.para	b2d80b8fc76451288af90fe5baece43069b0a0a1c5cd4ddf6f55c5900d55c8be	jwst_mcfost/runs/strict_continuum_3d_q_v1/models/m2p00_a0p40_q3p25_i0p05/temperature
1	1	1	m2p00_a0p40_q3p50_i0p05	2.00	0.40	3.50	jwst_mcfost/runs/strict_continuum_3d_q_v1/models/m2p00_a0p40_q3p50_i0p05/disk_envelope_m2p00_a0p40_q3p50_i0p05_temperature.para	2a01566b68fc437ea3d0dfcc6df5d61b225d502032cdcc1315c9ccf1e17df695	jwst_mcfost/runs/strict_continuum_3d_q_v1/models/m2p00_a0p40_q3p50_i0p05/temperature
2	2	2	m2p00_a0p40_q3p75_i0p05	2.00	0.40	3.75	jwst_mcfost/runs/strict_continuum_3d_q_v1/models/m2p00_a0p40_q3p75_i0p05/disk_envelope_m2p00_a0p40_q3p75_i0p05_temperature.para	9f9b301fd5d3ee918e17fa66ca1fa113882c88d83631345e340427d6132cb62c	jwst_mcfost/runs/strict_continuum_3d_q_v1/models/m2p00_a0p40_q3p75_i0p05/temperature
3	3	3	m2p00_a0p40_q4p00_i0p05	2.00	0.40	4.00	jwst_mcfost/runs/strict_continuum_3d_q_v1/models/m2p00_a0p40_q4p00_i0p05/disk_envelope_m2p00_a0p40_q4p00_i0p05_temperature.para	b0d72ab935e8b3c3de4c61e4e76fe4f0f38bcc714f2d0f909c987b6cde28ef0a	jwst_mcfost/runs/strict_continuum_3d_q_v1/models/m2p00_a0p40_q4p00_i0p05/temperature
4	4	4	m2p00_a0p50_q3p25_i0p05	2.00	0.50	3.25	jwst_mcfost/runs/strict_continuum_3d_q_v1/models/m2p00_a0p50_q3p25_i0p05/disk_envelope_m2p00_a0p50_q3p25_i0p05_temperature.para	5ad0349564418775c0b34f872fdc31645df75aad89cd06d40fe376df558ea964	jwst_mcfost/runs/strict_continuum_3d_q_v1/models/m2p00_a0p50_q3p25_i0p05/temperature
5	5	6	m2p00_a0p50_q3p75_i0p05	2.00	0.50	3.75	jwst_mcfost/runs/strict_continuum_3d_q_v1/models/m2p00_a0p50_q3p75_i0p05/disk_envelope_m2p00_a0p50_q3p75_i0p05_temperature.para	56bf0649b6546f220727268f24cff7d851f3baef137cddf61633b66e6cb67af8	jwst_mcfost/runs/strict_continuum_3d_q_v1/models/m2p00_a0p50_q3p75_i0p05/temperature
6	6	7	m2p00_a0p50_q4p00_i0p05	2.00	0.50	4.00	jwst_mcfost/runs/strict_continuum_3d_q_v1/models/m2p00_a0p50_q4p00_i0p05/disk_envelope_m2p00_a0p50_q4p00_i0p05_temperature.para	92d619b3442167c3b9205b8a4c55d9dbac0d8c67bea4d1bd36de0a95cd3bda6b	jwst_mcfost/runs/strict_continuum_3d_q_v1/models/m2p00_a0p50_q4p00_i0p05/temperature
7	7	8	m2p00_a0p60_q3p25_i0p05	2.00	0.60	3.25	jwst_mcfost/runs/strict_continuum_3d_q_v1/models/m2p00_a0p60_q3p25_i0p05/disk_envelope_m2p00_a0p60_q3p25_i0p05_temperature.para	f3ed3b4d55981e2f81b054de60fcd83f3d3724657e14b2682363fc2b2c80063e	jwst_mcfost/runs/strict_continuum_3d_q_v1/models/m2p00_a0p60_q3p25_i0p05/temperature
8	8	10	m2p00_a0p60_q3p75_i0p05	2.00	0.60	3.75	jwst_mcfost/runs/strict_continuum_3d_q_v1/models/m2p00_a0p60_q3p75_i0p05/disk_envelope_m2p00_a0p60_q3p75_i0p05_temperature.para	d3502c906135c4215601a680d0d3ff99a189bd4a284ea928cd194cb52e255f7b	jwst_mcfost/runs/strict_continuum_3d_q_v1/models/m2p00_a0p60_q3p75_i0p05/temperature
9	9	11	m2p00_a0p60_q4p00_i0p05	2.00	0.60	4.00	jwst_mcfost/runs/strict_continuum_3d_q_v1/models/m2p00_a0p60_q4p00_i0p05/disk_envelope_m2p00_a0p60_q4p00_i0p05_temperature.para	7eae81d26b6c2a95721aecbd570aa71b53c4f7d868a0862b9ec06eda85d4da5c	jwst_mcfost/runs/strict_continuum_3d_q_v1/models/m2p00_a0p60_q4p00_i0p05/temperature
10	10	12	m2p25_a0p40_q3p25_i0p05	2.25	0.40	3.25	jwst_mcfost/runs/strict_continuum_3d_q_v1/models/m2p25_a0p40_q3p25_i0p05/disk_envelope_m2p25_a0p40_q3p25_i0p05_temperature.para	f3968d13cb4351723893f2d9d3b8b7ff6146506b70906780236584434c35f602	jwst_mcfost/runs/strict_continuum_3d_q_v1/models/m2p25_a0p40_q3p25_i0p05/temperature
11	11	13	m2p25_a0p40_q3p50_i0p05	2.25	0.40	3.50	jwst_mcfost/runs/strict_continuum_3d_q_v1/models/m2p25_a0p40_q3p50_i0p05/disk_envelope_m2p25_a0p40_q3p50_i0p05_temperature.para	86265666cd7d86006f4f15b5327404c4c0006ad91255e7071e750b27c30f3d81	jwst_mcfost/runs/strict_continuum_3d_q_v1/models/m2p25_a0p40_q3p50_i0p05/temperature
12	12	14	m2p25_a0p40_q3p75_i0p05	2.25	0.40	3.75	jwst_mcfost/runs/strict_continuum_3d_q_v1/models/m2p25_a0p40_q3p75_i0p05/disk_envelope_m2p25_a0p40_q3p75_i0p05_temperature.para	8e48f1386079b3344912289e4fd2f7eb9c9f6a57276034b42a8860e03e3aadba	jwst_mcfost/runs/strict_continuum_3d_q_v1/models/m2p25_a0p40_q3p75_i0p05/temperature
13	13	15	m2p25_a0p40_q4p00_i0p05	2.25	0.40	4.00	jwst_mcfost/runs/strict_continuum_3d_q_v1/models/m2p25_a0p40_q4p00_i0p05/disk_envelope_m2p25_a0p40_q4p00_i0p05_temperature.para	f9aaed51dc63d3e7af43261d8f85a3515d9fe007ee325e2423979a919ae77776	jwst_mcfost/runs/strict_continuum_3d_q_v1/models/m2p25_a0p40_q4p00_i0p05/temperature
14	14	16	m2p25_a0p50_q3p25_i0p05	2.25	0.50	3.25	jwst_mcfost/runs/strict_continuum_3d_q_v1/models/m2p25_a0p50_q3p25_i0p05/disk_envelope_m2p25_a0p50_q3p25_i0p05_temperature.para	9ff32a7b0bace8cbd764a381259237dddec339b6e9a5ec41131f24831cacd662	jwst_mcfost/runs/strict_continuum_3d_q_v1/models/m2p25_a0p50_q3p25_i0p05/temperature
15	15	18	m2p25_a0p50_q3p75_i0p05	2.25	0.50	3.75	jwst_mcfost/runs/strict_continuum_3d_q_v1/models/m2p25_a0p50_q3p75_i0p05/disk_envelope_m2p25_a0p50_q3p75_i0p05_temperature.para	429dad89e3eaca24de22cb3be1a35dad852ed2cc77f2eb2a743ee79bf82ce125	jwst_mcfost/runs/strict_continuum_3d_q_v1/models/m2p25_a0p50_q3p75_i0p05/temperature
16	16	19	m2p25_a0p50_q4p00_i0p05	2.25	0.50	4.00	jwst_mcfost/runs/strict_continuum_3d_q_v1/models/m2p25_a0p50_q4p00_i0p05/disk_envelope_m2p25_a0p50_q4p00_i0p05_temperature.para	5bd079b6fcb374681ef73a8728e9ea45b132734af4e07fec0eaf9cd81b8ccad9	jwst_mcfost/runs/strict_continuum_3d_q_v1/models/m2p25_a0p50_q4p00_i0p05/temperature
17	17	20	m2p25_a0p60_q3p25_i0p05	2.25	0.60	3.25	jwst_mcfost/runs/strict_continuum_3d_q_v1/models/m2p25_a0p60_q3p25_i0p05/disk_envelope_m2p25_a0p60_q3p25_i0p05_temperature.para	4be2f7ca6bf98d78936997f6f6c444dc4053c069cd3f1b72a733299f1fd74183	jwst_mcfost/runs/strict_continuum_3d_q_v1/models/m2p25_a0p60_q3p25_i0p05/temperature
18	18	22	m2p25_a0p60_q3p75_i0p05	2.25	0.60	3.75	jwst_mcfost/runs/strict_continuum_3d_q_v1/models/m2p25_a0p60_q3p75_i0p05/disk_envelope_m2p25_a0p60_q3p75_i0p05_temperature.para	5ea0cb84cc653119667522e49597b608aaa44e423c91c7149e7b39d7c02c4bbe	jwst_mcfost/runs/strict_continuum_3d_q_v1/models/m2p25_a0p60_q3p75_i0p05/temperature
19	19	23	m2p25_a0p60_q4p00_i0p05	2.25	0.60	4.00	jwst_mcfost/runs/strict_continuum_3d_q_v1/models/m2p25_a0p60_q4p00_i0p05/disk_envelope_m2p25_a0p60_q4p00_i0p05_temperature.para	308967258717c3292ddd4bef479bf61ec96e8a300cd81a38ed56b3989d1048c3	jwst_mcfost/runs/strict_continuum_3d_q_v1/models/m2p25_a0p60_q4p00_i0p05/temperature
20	20	24	m2p50_a0p40_q3p25_i0p05	2.50	0.40	3.25	jwst_mcfost/runs/strict_continuum_3d_q_v1/models/m2p50_a0p40_q3p25_i0p05/disk_envelope_m2p50_a0p40_q3p25_i0p05_temperature.para	caaa7e7bf73f3a1b0c435ba202d8ab3bc6481e4921695f9297d6544478eb5a57	jwst_mcfost/runs/strict_continuum_3d_q_v1/models/m2p50_a0p40_q3p25_i0p05/temperature
21	21	25	m2p50_a0p40_q3p50_i0p05	2.50	0.40	3.50	jwst_mcfost/runs/strict_continuum_3d_q_v1/models/m2p50_a0p40_q3p50_i0p05/disk_envelope_m2p50_a0p40_q3p50_i0p05_temperature.para	41de183f17cd90987aebc6bf5064d12fb3218b48086e52471be15d58bb75e637	jwst_mcfost/runs/strict_continuum_3d_q_v1/models/m2p50_a0p40_q3p50_i0p05/temperature
22	22	26	m2p50_a0p40_q3p75_i0p05	2.50	0.40	3.75	jwst_mcfost/runs/strict_continuum_3d_q_v1/models/m2p50_a0p40_q3p75_i0p05/disk_envelope_m2p50_a0p40_q3p75_i0p05_temperature.para	f0d0ca947cda67056f9f9d5889db13fa0d7eec827d082dbb86277f1473adc8e2	jwst_mcfost/runs/strict_continuum_3d_q_v1/models/m2p50_a0p40_q3p75_i0p05/temperature
23	23	27	m2p50_a0p40_q4p00_i0p05	2.50	0.40	4.00	jwst_mcfost/runs/strict_continuum_3d_q_v1/models/m2p50_a0p40_q4p00_i0p05/disk_envelope_m2p50_a0p40_q4p00_i0p05_temperature.para	4c7a61db3154555e6c4b238a06b2fcba84f87df3132d8938be467fc53d9c646b	jwst_mcfost/runs/strict_continuum_3d_q_v1/models/m2p50_a0p40_q4p00_i0p05/temperature
24	24	28	m2p50_a0p50_q3p25_i0p05	2.50	0.50	3.25	jwst_mcfost/runs/strict_continuum_3d_q_v1/models/m2p50_a0p50_q3p25_i0p05/disk_envelope_m2p50_a0p50_q3p25_i0p05_temperature.para	abc349432671636cb1c4bf8f165e5589fc0cd71a707fe62e0f71f044b1bd6ea7	jwst_mcfost/runs/strict_continuum_3d_q_v1/models/m2p50_a0p50_q3p25_i0p05/temperature
25	25	30	m2p50_a0p50_q3p75_i0p05	2.50	0.50	3.75	jwst_mcfost/runs/strict_continuum_3d_q_v1/models/m2p50_a0p50_q3p75_i0p05/disk_envelope_m2p50_a0p50_q3p75_i0p05_temperature.para	51089db421a515cb078ea5969aabe63adeabc678e6047c521f6b1dc26c69f3e0	jwst_mcfost/runs/strict_continuum_3d_q_v1/models/m2p50_a0p50_q3p75_i0p05/temperature
26	26	31	m2p50_a0p50_q4p00_i0p05	2.50	0.50	4.00	jwst_mcfost/runs/strict_continuum_3d_q_v1/models/m2p50_a0p50_q4p00_i0p05/disk_envelope_m2p50_a0p50_q4p00_i0p05_temperature.para	910f2b9592fc07375ecefde97d8ec02078b501f9f6b02e4b80ee8c43a297f2fe	jwst_mcfost/runs/strict_continuum_3d_q_v1/models/m2p50_a0p50_q4p00_i0p05/temperature
27	27	32	m2p50_a0p60_q3p25_i0p05	2.50	0.60	3.25	jwst_mcfost/runs/strict_continuum_3d_q_v1/models/m2p50_a0p60_q3p25_i0p05/disk_envelope_m2p50_a0p60_q3p25_i0p05_temperature.para	5d383554a295448ab9dff0221f50b46375b5f555787c8b4bf052cf5a6d68fbbc	jwst_mcfost/runs/strict_continuum_3d_q_v1/models/m2p50_a0p60_q3p25_i0p05/temperature
28	28	34	m2p50_a0p60_q3p75_i0p05	2.50	0.60	3.75	jwst_mcfost/runs/strict_continuum_3d_q_v1/models/m2p50_a0p60_q3p75_i0p05/disk_envelope_m2p50_a0p60_q3p75_i0p05_temperature.para	ea4b41cc282ccf39cc2c1b837e33bfb16b93509a7e500374a6066786fdfec71a	jwst_mcfost/runs/strict_continuum_3d_q_v1/models/m2p50_a0p60_q3p75_i0p05/temperature
29	29	35	m2p50_a0p60_q4p00_i0p05	2.50	0.60	4.00	jwst_mcfost/runs/strict_continuum_3d_q_v1/models/m2p50_a0p60_q4p00_i0p05/disk_envelope_m2p50_a0p60_q4p00_i0p05_temperature.para	6166abdbcf7ce803c48d36fc5e3a17ca09dc4117f80dc8c71b61a12cad9e5cfa	jwst_mcfost/runs/strict_continuum_3d_q_v1/models/m2p50_a0p60_q4p00_i0p05/temperature
