lsf_node_global_index	parent_kind	parent_id	target_wavelength_um	lsf_node_index	lsf_node_wavelength_um	lsf_quadrature_weight	lsf_profile	target_resolving_power_R	model_input_representation	conversion_before_aggregation	aggregated_representation	source_segment	native_run_id	node_crosses_stitch_seam	stitch_seam_restriction_applied	scored_directly
0	logical_target	h2o_3um_v3_w001	2.6122960249124896	0	2.6109757956979753	0.011257411327720693	Gaussian_in_log_lambda_constant_resolving_power	2400	lambda_F_lambda_W_m-2	F_nu_Jy=lambda_F_lambda*lambda_um*1e20/c_m_s	F_nu_Jy	G235H	G235H_run01	False	False	False
1	logical_target	h2o_3um_v3_w001	2.6122960249124896	1	2.61166949575688	0.2220759220056126	Gaussian_in_log_lambda_constant_resolving_power	2400	lambda_F_lambda_W_m-2	F_nu_Jy=lambda_F_lambda*lambda_um*1e20/c_m_s	F_nu_Jy	G235H	G235H_run01	False	False	False
2	logical_target	h2o_3um_v3_w001	2.6122960249124896	2	2.6122960249124896	0.53333333333333333	Gaussian_in_log_lambda_constant_resolving_power	2400	lambda_F_lambda_W_m-2	F_nu_Jy=lambda_F_lambda*lambda_um*1e20/c_m_s	F_nu_Jy	G235H	G235H_run01	False	False	False
3	logical_target	h2o_3um_v3_w001	2.6122960249124896	3	2.612922704369959	0.2220759220056126	Gaussian_in_log_lambda_constant_resolving_power	2400	lambda_F_lambda_W_m-2	F_nu_Jy=lambda_F_lambda*lambda_um*1e20/c_m_s	F_nu_Jy	G235H	G235H_run01	False	False	False
4	logical_target	h2o_3um_v3_w001	2.6122960249124896	4	2.6136169216954976	0.011257411327720693	Gaussian_in_log_lambda_constant_resolving_power	2400	lambda_F_lambda_W_m-2	F_nu_Jy=lambda_F_lambda*lambda_um*1e20/c_m_s	F_nu_Jy	G235H	G235H_run01	False	False	False
5	logical_target	h2o_3um_v3_w002	2.8572041864979223	0	2.8557601830607644	0.011257411327720693	Gaussian_in_log_lambda_constant_resolving_power	2400	lambda_F_lambda_W_m-2	F_nu_Jy=lambda_F_lambda*lambda_um*1e20/c_m_s	F_nu_Jy	G235H	G235H_run01	False	False	False
6	logical_target	h2o_3um_v3_w002	2.8572041864979223	1	2.856518918936628	0.2220759220056126	Gaussian_in_log_lambda_constant_resolving_power	2400	lambda_F_lambda_W_m-2	F_nu_Jy=lambda_F_lambda*lambda_um*1e20/c_m_s	F_nu_Jy	G235H	G235H_run01	False	False	False
7	logical_target	h2o_3um_v3_w002	2.8572041864979223	2	2.8572041864979223	0.53333333333333333	Gaussian_in_log_lambda_constant_resolving_power	2400	lambda_F_lambda_W_m-2	F_nu_Jy=lambda_F_lambda*lambda_um*1e20/c_m_s	F_nu_Jy	G235H	G235H_run01	False	False	False
8	logical_target	h2o_3um_v3_w002	2.8572041864979223	3	2.8578896184521869	0.2220759220056126	Gaussian_in_log_lambda_constant_resolving_power	2400	lambda_F_lambda_W_m-2	F_nu_Jy=lambda_F_lambda*lambda_um*1e20/c_m_s	F_nu_Jy	G235H	G235H_run01	False	False	False
9	logical_target	h2o_3um_v3_w002	2.8572041864979223	4	2.8586489200895024	0.011257411327720693	Gaussian_in_log_lambda_constant_resolving_power	2400	lambda_F_lambda_W_m-2	F_nu_Jy=lambda_F_lambda*lambda_um*1e20/c_m_s	F_nu_Jy	G235H	G235H_run01	False	False	False
10	logical_target	h2o_3um_v3_w003	2.9025080554554101	0	2.9010411558798523	0.011257411327720693	Gaussian_in_log_lambda_constant_resolving_power	2400	lambda_F_lambda_W_m-2	F_nu_Jy=lambda_F_lambda*lambda_um*1e20/c_m_s	F_nu_Jy	G235H	G235H_run01	False	False	False
11	logical_target	h2o_3um_v3_w003	2.9025080554554101	1	2.9018119222822203	0.2220759220056126	Gaussian_in_log_lambda_constant_resolving_power	2400	lambda_F_lambda_W_m-2	F_nu_Jy=lambda_F_lambda*lambda_um*1e20/c_m_s	F_nu_Jy	G235H	G235H_run01	False	False	False
12	logical_target	h2o_3um_v3_w003	2.9025080554554101	2	2.9025080554554101	0.53333333333333333	Gaussian_in_log_lambda_constant_resolving_power	2400	lambda_F_lambda_W_m-2	F_nu_Jy=lambda_F_lambda*lambda_um*1e20/c_m_s	F_nu_Jy	G235H	G235H_run01	False	False	False
13	logical_target	h2o_3um_v3_w003	2.9025080554554101	3	2.9032043556281879	0.2220759220056126	Gaussian_in_log_lambda_constant_resolving_power	2400	lambda_F_lambda_W_m-2	F_nu_Jy=lambda_F_lambda*lambda_um*1e20/c_m_s	F_nu_Jy	G235H	G235H_run01	False	False	False
14	logical_target	h2o_3um_v3_w003	2.9025080554554101	4	2.9039756967627288	0.011257411327720693	Gaussian_in_log_lambda_constant_resolving_power	2400	lambda_F_lambda_W_m-2	F_nu_Jy=lambda_F_lambda*lambda_um*1e20/c_m_s	F_nu_Jy	G235H	G235H_run01	False	False	False
15	logical_target	h2o_3um_v3_w004	2.9489444454747278	0	2.9474540773955487	0.011257411327720693	Gaussian_in_log_lambda_constant_resolving_power	2400	lambda_F_lambda_W_m-2	F_nu_Jy=lambda_F_lambda*lambda_um*1e20/c_m_s	F_nu_Jy	G235H	G235H_run01	False	False	False
16	logical_target	h2o_3um_v3_w004	2.9489444454747278	1	2.9482371750674914	0.2220759220056126	Gaussian_in_log_lambda_constant_resolving_power	2400	lambda_F_lambda_W_m-2	F_nu_Jy=lambda_F_lambda*lambda_um*1e20/c_m_s	F_nu_Jy	G235H	G235H_run01	False	False	False
17	logical_target	h2o_3um_v3_w004	2.9489444454747278	2	2.9489444454747278	0.53333333333333333	Gaussian_in_log_lambda_constant_resolving_power	2400	lambda_F_lambda_W_m-2	F_nu_Jy=lambda_F_lambda*lambda_um*1e20/c_m_s	F_nu_Jy	G235H	G235H_run01	False	False	False
18	logical_target	h2o_3um_v3_w004	2.9489444454747278	3	2.9496518855533305	0.2220759220056126	Gaussian_in_log_lambda_constant_resolving_power	2400	lambda_F_lambda_W_m-2	F_nu_Jy=lambda_F_lambda*lambda_um*1e20/c_m_s	F_nu_Jy	G235H	G235H_run01	False	False	False
19	logical_target	h2o_3um_v3_w004	2.9489444454747278	4	2.9504355671524207	0.011257411327720693	Gaussian_in_log_lambda_constant_resolving_power	2400	lambda_F_lambda_W_m-2	F_nu_Jy=lambda_F_lambda*lambda_um*1e20/c_m_s	F_nu_Jy	G235H	G235H_run01	False	False	False
20	logical_target	h2o_3um_v3_w005	3.008775542271851	0	3.007254936133442	0.011257411327720693	Gaussian_in_log_lambda_constant_resolving_power	2400	lambda_F_lambda_W_m-2	F_nu_Jy=lambda_F_lambda*lambda_um*1e20/c_m_s	F_nu_Jy	G235H	G235H_run01	False	False	False
21	logical_target	h2o_3um_v3_w005	3.008775542271851	1	3.0080539220642097	0.2220759220056126	Gaussian_in_log_lambda_constant_resolving_power	2400	lambda_F_lambda_W_m-2	F_nu_Jy=lambda_F_lambda*lambda_um*1e20/c_m_s	F_nu_Jy	G235H	G235H_run01	False	False	False
22	logical_target	h2o_3um_v3_w005	3.008775542271851	2	3.008775542271851	0.53333333333333333	Gaussian_in_log_lambda_constant_resolving_power	2400	lambda_F_lambda_W_m-2	F_nu_Jy=lambda_F_lambda*lambda_um*1e20/c_m_s	F_nu_Jy	G235H	G235H_run01	False	False	False
23	logical_target	h2o_3um_v3_w005	3.008775542271851	3	3.0094973355933186	0.2220759220056126	Gaussian_in_log_lambda_constant_resolving_power	2400	lambda_F_lambda_W_m-2	F_nu_Jy=lambda_F_lambda*lambda_um*1e20/c_m_s	F_nu_Jy	G235H	G235H_run01	False	False	False
24	logical_target	h2o_3um_v3_w005	3.008775542271851	4	3.0102969172985246	0.011257411327720693	Gaussian_in_log_lambda_constant_resolving_power	2400	lambda_F_lambda_W_m-2	F_nu_Jy=lambda_F_lambda*lambda_um*1e20/c_m_s	F_nu_Jy	G235H	G235H_run01	True	False	False
25	logical_target	h2o_3um_v3_w006	3.0764795490679795	0	3.0749247259775636	0.011257411327720693	Gaussian_in_log_lambda_constant_resolving_power	2400	lambda_F_lambda_W_m-2	F_nu_Jy=lambda_F_lambda*lambda_um*1e20/c_m_s	F_nu_Jy	G395H	G395H_run00	False	False	False
26	logical_target	h2o_3um_v3_w006	3.0764795490679795	1	3.0757416908330226	0.2220759220056126	Gaussian_in_log_lambda_constant_resolving_power	2400	lambda_F_lambda_W_m-2	F_nu_Jy=lambda_F_lambda*lambda_um*1e20/c_m_s	F_nu_Jy	G395H	G395H_run00	False	False	False
27	logical_target	h2o_3um_v3_w006	3.0764795490679795	2	3.0764795490679795	0.53333333333333333	Gaussian_in_log_lambda_constant_resolving_power	2400	lambda_F_lambda_W_m-2	F_nu_Jy=lambda_F_lambda*lambda_um*1e20/c_m_s	F_nu_Jy	G395H	G395H_run00	False	False	False
28	logical_target	h2o_3um_v3_w006	3.0764795490679795	3	3.0772175843122009	0.2220759220056126	Gaussian_in_log_lambda_constant_resolving_power	2400	lambda_F_lambda_W_m-2	F_nu_Jy=lambda_F_lambda*lambda_um*1e20/c_m_s	F_nu_Jy	G395H	G395H_run00	False	False	False
29	logical_target	h2o_3um_v3_w006	3.0764795490679795	4	3.0780351583483214	0.011257411327720693	Gaussian_in_log_lambda_constant_resolving_power	2400	lambda_F_lambda_W_m-2	F_nu_Jy=lambda_F_lambda*lambda_um*1e20/c_m_s	F_nu_Jy	G395H	G395H_run00	False	False	False
30	logical_target	h2o_3um_v3_w007	3.1192136084987556	0	3.1176371880268876	0.011257411327720693	Gaussian_in_log_lambda_constant_resolving_power	2400	lambda_F_lambda_W_m-2	F_nu_Jy=lambda_F_lambda*lambda_um*1e20/c_m_s	F_nu_Jy	G395H	G395H_run00	False	False	False
31	logical_target	h2o_3um_v3_w007	3.1192136084987556	1	3.1184655009911606	0.2220759220056126	Gaussian_in_log_lambda_constant_resolving_power	2400	lambda_F_lambda_W_m-2	F_nu_Jy=lambda_F_lambda*lambda_um*1e20/c_m_s	F_nu_Jy	G395H	G395H_run00	False	False	False
32	logical_target	h2o_3um_v3_w007	3.1192136084987556	2	3.1192136084987556	0.53333333333333333	Gaussian_in_log_lambda_constant_resolving_power	2400	lambda_F_lambda_W_m-2	F_nu_Jy=lambda_F_lambda*lambda_um*1e20/c_m_s	F_nu_Jy	G395H	G395H_run00	False	False	False
33	logical_target	h2o_3um_v3_w007	3.1192136084987556	3	3.1199618954743751	0.2220759220056126	Gaussian_in_log_lambda_constant_resolving_power	2400	lambda_F_lambda_W_m-2	F_nu_Jy=lambda_F_lambda*lambda_um*1e20/c_m_s	F_nu_Jy	G395H	G395H_run00	False	False	False
34	logical_target	h2o_3um_v3_w007	3.1192136084987556	4	3.1207908260811772	0.011257411327720693	Gaussian_in_log_lambda_constant_resolving_power	2400	lambda_F_lambda_W_m-2	F_nu_Jy=lambda_F_lambda*lambda_um*1e20/c_m_s	F_nu_Jy	G395H	G395H_run00	False	False	False
35	logical_target	h2o_3um_v3_w008	3.1583025782429441	0	3.156706402582794	0.011257411327720693	Gaussian_in_log_lambda_constant_resolving_power	2400	lambda_F_lambda_W_m-2	F_nu_Jy=lambda_F_lambda*lambda_um*1e20/c_m_s	F_nu_Jy	G395H	G395H_run00	False	False	False
36	logical_target	h2o_3um_v3_w008	3.1583025782429441	1	3.1575450956955473	0.2220759220056126	Gaussian_in_log_lambda_constant_resolving_power	2400	lambda_F_lambda_W_m-2	F_nu_Jy=lambda_F_lambda*lambda_um*1e20/c_m_s	F_nu_Jy	G395H	G395H_run00	False	False	False
37	logical_target	h2o_3um_v3_w008	3.1583025782429441	2	3.1583025782429441	0.53333333333333333	Gaussian_in_log_lambda_constant_resolving_power	2400	lambda_F_lambda_W_m-2	F_nu_Jy=lambda_F_lambda*lambda_um*1e20/c_m_s	F_nu_Jy	G395H	G395H_run00	False	False	False
38	logical_target	h2o_3um_v3_w008	3.1583025782429441	3	3.1590602425074001	0.2220759220056126	Gaussian_in_log_lambda_constant_resolving_power	2400	lambda_F_lambda_W_m-2	F_nu_Jy=lambda_F_lambda*lambda_um*1e20/c_m_s	F_nu_Jy	G395H	G395H_run00	False	False	False
39	logical_target	h2o_3um_v3_w008	3.1583025782429441	4	3.1598995610027778	0.011257411327720693	Gaussian_in_log_lambda_constant_resolving_power	2400	lambda_F_lambda_W_m-2	F_nu_Jy=lambda_F_lambda*lambda_um*1e20/c_m_s	F_nu_Jy	G395H	G395H_run00	False	False	False
40	logical_target	h2o_3um_v3_w009	3.2181646979389318	0	3.2165382685408774	0.011257411327720693	Gaussian_in_log_lambda_constant_resolving_power	2400	lambda_F_lambda_W_m-2	F_nu_Jy=lambda_F_lambda*lambda_um*1e20/c_m_s	F_nu_Jy	G395H	G395H_run00	False	False	False
41	logical_target	h2o_3um_v3_w009	3.2181646979389318	1	3.2173928581506446	0.2220759220056126	Gaussian_in_log_lambda_constant_resolving_power	2400	lambda_F_lambda_W_m-2	F_nu_Jy=lambda_F_lambda*lambda_um*1e20/c_m_s	F_nu_Jy	G395H	G395H_run00	False	False	False
42	logical_target	h2o_3um_v3_w009	3.2181646979389318	2	3.2181646979389318	0.53333333333333333	Gaussian_in_log_lambda_constant_resolving_power	2400	lambda_F_lambda_W_m-2	F_nu_Jy=lambda_F_lambda*lambda_um*1e20/c_m_s	F_nu_Jy	G395H	G395H_run00	False	False	False
43	logical_target	h2o_3um_v3_w009	3.2181646979389318	3	3.2189367228885231	0.2220759220056126	Gaussian_in_log_lambda_constant_resolving_power	2400	lambda_F_lambda_W_m-2	F_nu_Jy=lambda_F_lambda*lambda_um*1e20/c_m_s	F_nu_Jy	G395H	G395H_run00	False	False	False
44	logical_target	h2o_3um_v3_w009	3.2181646979389318	4	3.2197919497343483	0.011257411327720693	Gaussian_in_log_lambda_constant_resolving_power	2400	lambda_F_lambda_W_m-2	F_nu_Jy=lambda_F_lambda*lambda_um*1e20/c_m_s	F_nu_Jy	G395H	G395H_run00	False	False	False
45	logical_target	h2o_3um_v3_w010	3.2961688801068254	0	3.2945030281474801	0.011257411327720693	Gaussian_in_log_lambda_constant_resolving_power	2400	lambda_F_lambda_W_m-2	F_nu_Jy=lambda_F_lambda*lambda_um*1e20/c_m_s	F_nu_Jy	G395H	G395H_run00	False	False	False
46	logical_target	h2o_3um_v3_w010	3.2961688801068254	1	3.2953783319126297	0.2220759220056126	Gaussian_in_log_lambda_constant_resolving_power	2400	lambda_F_lambda_W_m-2	F_nu_Jy=lambda_F_lambda*lambda_um*1e20/c_m_s	F_nu_Jy	G395H	G395H_run00	False	False	False
47	logical_target	h2o_3um_v3_w010	3.2961688801068254	2	3.2961688801068254	0.53333333333333333	Gaussian_in_log_lambda_constant_resolving_power	2400	lambda_F_lambda_W_m-2	F_nu_Jy=lambda_F_lambda*lambda_um*1e20/c_m_s	F_nu_Jy	G395H	G395H_run00	False	False	False
48	logical_target	h2o_3um_v3_w010	3.2961688801068254	3	3.2969596179503977	0.2220759220056126	Gaussian_in_log_lambda_constant_resolving_power	2400	lambda_F_lambda_W_m-2	F_nu_Jy=lambda_F_lambda*lambda_um*1e20/c_m_s	F_nu_Jy	G395H	G395H_run00	False	False	False
49	logical_target	h2o_3um_v3_w010	3.2961688801068254	4	3.2978355743973897	0.011257411327720693	Gaussian_in_log_lambda_constant_resolving_power	2400	lambda_F_lambda_W_m-2	F_nu_Jy=lambda_F_lambda*lambda_um*1e20/c_m_s	F_nu_Jy	G395H	G395H_run00	False	False	False
50	logical_target	h2o_3um_v3_w011	3.5744323010028149	0	3.5726258173944934	0.011257411327720693	Gaussian_in_log_lambda_constant_resolving_power	2400	lambda_F_lambda_W_m-2	F_nu_Jy=lambda_F_lambda*lambda_um*1e20/c_m_s	F_nu_Jy	G395H	G395H_run00	False	False	False
51	logical_target	h2o_3um_v3_w011	3.5744323010028149	1	3.5735750145276324	0.2220759220056126	Gaussian_in_log_lambda_constant_resolving_power	2400	lambda_F_lambda_W_m-2	F_nu_Jy=lambda_F_lambda*lambda_um*1e20/c_m_s	F_nu_Jy	G395H	G395H_run00	False	False	False
52	logical_target	h2o_3um_v3_w011	3.5744323010028149	2	3.5744323010028149	0.53333333333333333	Gaussian_in_log_lambda_constant_resolving_power	2400	lambda_F_lambda_W_m-2	F_nu_Jy=lambda_F_lambda*lambda_um*1e20/c_m_s	F_nu_Jy	G395H	G395H_run00	False	False	False
53	logical_target	h2o_3um_v3_w011	3.5744323010028149	3	3.5752897931376233	0.2220759220056126	Gaussian_in_log_lambda_constant_resolving_power	2400	lambda_F_lambda_W_m-2	F_nu_Jy=lambda_F_lambda*lambda_um*1e20/c_m_s	F_nu_Jy	G395H	G395H_run00	False	False	False
54	logical_target	h2o_3um_v3_w011	3.5744323010028149	4	3.5762396980521727	0.011257411327720693	Gaussian_in_log_lambda_constant_resolving_power	2400	lambda_F_lambda_W_m-2	F_nu_Jy=lambda_F_lambda*lambda_um*1e20/c_m_s	F_nu_Jy	G395H	G395H_run00	False	False	False
